name,description,mean_auc,min_auc,per_attack,n_train,minutes
spec_logreg,LFCC/MFCC-статистики + логрег,0.936,0.6547,A01:1.000 A02:0.988 A03:0.982 A04:0.997 A05:0.655 A06:0.994,25380,0.0
spec_lda,LFCC/MFCC-статистики + LDA,0.9455,0.7762,A01:1.000 A02:0.967 A03:0.948 A04:0.992 A05:0.776 A06:0.990,25380,0.0
spec_lgbm,LFCC/MFCC-статистики + LightGBM,0.9788,0.8955,A01:1.000 A02:0.997 A03:0.986 A04:0.997 A05:0.895 A06:0.997,25380,10.5
wavlm_l0_lr,WavLM: слой 0 (CNN-признаки) + логрег,0.8535,0.7039,A01:0.704 A02:1.000 A03:0.977 A04:0.738 A05:0.994 A06:0.708,8580,0.2
wavlm_l3_lr,WavLM: слой 3 + логрег,0.9585,0.8311,A01:0.995 A02:1.000 A03:0.950 A04:0.831 A05:1.000 A06:0.974,8580,0.1
wavlm_l6_lr,WavLM: слой 6 + логрег,0.9756,0.9184,A01:1.000 A02:1.000 A03:0.984 A04:0.952 A05:1.000 A06:0.918,8580,0.1
wavlm_l9_lr,WavLM: слой 9 + логрег,0.916,0.7869,A01:0.998 A02:0.998 A03:0.909 A04:0.804 A05:1.000 A06:0.787,8580,0.1
wavlm_l12_lr,WavLM: слой 12 + логрег,0.9103,0.7296,A01:0.997 A02:0.999 A03:0.876 A04:0.860 A05:1.000 A06:0.730,8580,0.1
wavlm_l1_5_lr,WavLM: слои 1-5 + логрег,0.9658,0.8846,A01:0.999 A02:1.000 A03:0.954 A04:0.885 A05:1.000 A06:0.957,8580,0.1
wavlm_all_lr,WavLM: все 13 слоёв + логрег,0.9723,0.9285,A01:1.000 A02:1.000 A03:0.972 A04:0.929 A05:1.000 A06:0.934,8580,0.3
