idx,score
0.wav,0.26563396442914516
1.wav,0.3017785427423982
2.wav,0.5737234652897303
3.wav,0.24182444061962136
4.wav,0.5458978772231785
5.wav,0.047619047619047616
6.wav,0.10757314974182446
7.wav,0.41480206540447506
8.wav,0.03643144004589788
9.wav,0.37492828456683885
10.wav,0.991681009753299
11.wav,0.04991394148020654
12.wav,0.9222604704532417
13.wav,0.03098106712564544
14.wav,0.23235800344234078
15.wav,0.3281698221457258
16.wav,0.5912220309810671
17.wav,0.3505450372920252
18.wav,0.9773379231210556
19.wav,0.6778542742398163
20.wav,0.7005163511187608
21.wav,0.5177854274239816
22.wav,0.3967297762478485
23.wav,0.19076305220883535
24.wav,0.1689615605278256
25.wav,0.5390131956397016
26.wav,0.7535857716580608
27.wav,0.7644865174985657
28.wav,0.37779690189328746
29.wav,0.8869764773379232
30.wav,0.37521514629948366
31.wav,0.4523809523809524
32.wav,0.25502008032128515
33.wav,0.4819277108433735
34.wav,0.6098680436029834
35.wav,0.9695926563396443
36.wav,0.8129661503155479
37.wav,0.5166379804934023
38.wav,0.732071141709696
39.wav,0.05077452667814114
40.wav,0.23780837636259322
41.wav,0.6265060240963854
42.wav,0.7139988525530695
43.wav,0.09179575444635686
44.wav,0.10728628800917957
45.wav,0.4827882960413081
46.wav,0.0774526678141136
47.wav,0.8657487091222031
48.wav,0.9027538726333907
49.wav,0.3958691910499139
50.wav,0.15174985656913367
51.wav,0.3445209409064831
52.wav,0.6749856569133678
53.wav,0.9059093516924842
54.wav,0.1483075157773953
55.wav,0.8878370625358577
56.wav,0.9262765347102696
57.wav,0.10786001147446929
58.wav,0.9179575444635685
59.wav,0.9707401032702238
60.wav,0.9543889845094665
61.wav,0.8393574297188756
62.wav,0.8823866896156053
63.wav,0.5613884107860011
64.wav,0.4563970166379805
65.wav,0.842512908777969
66.wav,0.8998852553069421
67.wav,0.2667814113597246
68.wav,0.7742398164084912
69.wav,0.07860011474469307
70.wav,0.31267928858290306
71.wav,0.7604704532415375
72.wav,0.4888123924268502
73.wav,0.18818129661503155
74.wav,0.9644291451520367
75.wav,0.9486517498565691
76.wav,0.7954675846242111
77.wav,0.42082616179001714
78.wav,0.7401032702237521
79.wav,0.6689615605278255
80.wav,0.11101549053356281
81.wav,0.8473895582329317
82.wav,0.4690189328743546
83.wav,0.5407343660355708
84.wav,0.19018932874354563
85.wav,0.2372346528973035
86.wav,0.006310958118187034
87.wav,0.600114744693058
88.wav,0.5654044750430293
89.wav,0.5791738382099828
90.wav,0.06855995410212277
91.wav,0.7320711417096959
92.wav,0.7997705106138842
93.wav,0.6901893287435455
94.wav,0.5929432013769363
95.wav,0.2226047045324154
96.wav,0.5137693631669535
97.wav,0.037578886976477335
98.wav,0.4348823866896156
99.wav,0.012621916236374068
100.wav,0.8310384394721745
101.wav,0.3958691910499139
102.wav,0.789443488238669
103.wav,0.35341365461847385
104.wav,0.8336201950659783
105.wav,0.7541594951233505
106.wav,0.23121055651176134
107.wav,0.6689615605278257
108.wav,0.9208261617900172
109.wav,0.5774526678141136
110.wav,0.8809523809523809
111.wav,0.3921399885255307
112.wav,0.3247274813539874
113.wav,0.5218014916810098
114.wav,0.6944922547332185
115.wav,0.18187033849684453
116.wav,0.2733792312105565
117.wav,0.03384968445209409
118.wav,0.4804934021801492
119.wav,0.17957544463568562
120.wav,0.0444635685599541
121.wav,0.546758462421113
122.wav,0.02438324727481354
123.wav,0.4486517498565692
124.wav,0.7728055077452667
125.wav,0.3746414228341939
126.wav,0.6864601262191624
127.wav,0.010327022375215147
128.wav,0.2768215720022949
129.wav,0.35226620768789446
130.wav,0.8580034423407917
131.wav,0.6316695352839932
132.wav,0.5625358577165805
133.wav,0.3453815261044177
134.wav,0.5272518646012622
135.wav,0.8181296615031556
136.wav,0.26219162363740683
137.wav,0.7940332759609867
138.wav,0.14802065404475043
139.wav,0.25272518646012626
140.wav,0.21944922547332188
141.wav,0.23034997131382673
142.wav,0.8918531267928859
143.wav,0.19535283993115318
144.wav,0.03843947217441193
145.wav,0.9480780263912795
146.wav,0.10355708548479632
147.wav,0.2217441193344808
148.wav,0.5786001147446931
149.wav,0.11359724612736662
150.wav,0.957257601835915
151.wav,0.5450372920252438
152.wav,0.29804934021801494
153.wav,0.1896156052782559
154.wav,0.7685025817555938
155.wav,0.7515777395295468
156.wav,0.04331612162937464
157.wav,0.9282845668387837
158.wav,0.08950086058519795
159.wav,0.7587492828456684
160.wav,0.6310958118187034
161.wav,0.5631095811818704
162.wav,0.04905335628227194
163.wav,0.5240963855421686
164.wav,0.20539300057372345
165.wav,0.8230063109581183
166.wav,0.06712564543889844
167.wav,0.6411359724612736
168.wav,0.678714859437751
169.wav,0.7639127940332759
170.wav,0.6939185312679288
171.wav,0.14658634538152612
172.wav,0.3161216293746414
173.wav,0.7948938611589215
174.wav,0.4454962707974756
175.wav,0.6497418244406196
176.wav,0.7051061388410785
177.wav,0.5321285140562249
178.wav,0.2997705106138841
179.wav,0.4216867469879518
180.wav,0.5731497418244406
181.wav,0.9345955249569707
182.wav,0.9825014343086632
183.wav,0.5071715433161216
184.wav,0.6927710843373495
185.wav,0.5163511187607573
186.wav,0.127653471026965
187.wav,0.4122203098106712
188.wav,0.23092369477911645
189.wav,0.6431440045897877
190.wav,0.4348823866896156
191.wav,0.9704532415375788
192.wav,0.4979919678714859
193.wav,0.9813539873780838
194.wav,0.438324727481354
195.wav,0.23838209982788294
196.wav,0.8780837636259323
197.wav,0.9882386689615604
198.wav,0.7478485370051634
199.wav,0.6514629948364888
200.wav,0.6009753298909924
201.wav,0.7423981640849111
202.wav,0.8970166379804935
203.wav,0.004876649454962708
204.wav,0.6853126792885829
205.wav,0.46615031554790587
206.wav,0.5596672403901319
207.wav,0.12966150315547906
208.wav,0.06855995410212277
209.wav,0.5613884107860011
210.wav,0.6517498565691336
211.wav,0.5134825014343086
212.wav,0.6560527825588066
213.wav,0.9988525530694204
214.wav,0.2627653471026965
215.wav,0.35169248422260474
216.wav,0.14314400458978774
217.wav,0.39902467010900744
218.wav,0.15605278255880667
219.wav,0.5763052208835342
220.wav,0.3410786001147447
221.wav,0.3012048192771084
222.wav,0.846815834767642
223.wav,0.4176706827309237
224.wav,0.1451520367183018
225.wav,0.9454962707974756
226.wav,0.27251864601262193
227.wav,0.3416523235800344
228.wav,0.006597819850831899
229.wav,0.7561675272518645
230.wav,0.8364888123924268
231.wav,0.927710843373494
232.wav,0.3192771084337349
233.wav,0.219162363740677
234.wav,0.6431440045897877
235.wav,0.1308089500860585
236.wav,0.633964429145152
237.wav,0.2380952380952381
238.wav,0.008892713711990822
239.wav,0.12851405622489961
240.wav,0.012621916236374068
241.wav,0.9325874928284567
242.wav,0.8700516351118761
243.wav,0.7573149741824441
244.wav,0.7567412507171544
245.wav,0.021801491681009755
246.wav,0.9265633964429146
247.wav,0.4810671256454389
248.wav,0.8224325874928283
249.wav,0.3783706253585772
250.wav,0.021514629948364884
251.wav,0.7312105565117614
252.wav,0.9004589787722318
253.wav,0.5751577739529546
254.wav,0.8373493975903615
255.wav,0.3909925415949513
256.wav,0.16351118760757313
257.wav,0.6325301204819277
258.wav,0.336201950659782
259.wav,0.7532989099254159
260.wav,0.64916810097533
261.wav,0.6201950659781984
262.wav,0.7814113597246127
263.wav,0.48164084911072863
264.wav,0.5065978198508319
265.wav,0.4351692484222605
266.wav,0.6620768789443487
267.wav,0.047619047619047616
268.wav,0.19764773379231212
269.wav,0.5513482501434309
270.wav,0.6029833620195065
271.wav,0.26592082616179
272.wav,0.07515777395295467
273.wav,0.16437177280550774
274.wav,0.9707401032702238
275.wav,0.3995983935742972
276.wav,0.21399885255306947
277.wav,0.33993115318416517
278.wav,0.06626506024096385
279.wav,0.9627079747561674
280.wav,0.13539873780837636
281.wav,0.8307515777395295
282.wav,0.12421113023522662
283.wav,0.07228915662650602
284.wav,0.21686746987951808
285.wav,0.8835341365461847
286.wav,0.5444635685599541
287.wav,0.6431440045897877
288.wav,0.6250717154331612
289.wav,0.025817555938037865
290.wav,0.5843373493975904
291.wav,0.35456110154905335
292.wav,0.8316121629374642
293.wav,0.021227768215720023
294.wav,0.408491107286288
295.wav,0.9664371772805508
296.wav,0.6437177280550774
297.wav,0.5625358577165805
298.wav,0.5329890992541595
299.wav,0.7604704532415375
300.wav,0.7280550774526677
301.wav,0.7183017785427425
302.wav,0.8826735513482501
303.wav,0.4213998852553069
304.wav,0.7051061388410785
305.wav,0.9294320137693631
306.wav,0.6348250143430866
307.wav,0.5499139414802066
308.wav,0.8330464716006883
309.wav,0.44865174985656914
310.wav,0.8258749282845669
311.wav,0.6161790017211705
312.wav,0.7811244979919678
313.wav,0.6735513482501435
314.wav,0.7776821572002296
315.wav,0.8608720596672405
316.wav,0.861732644865175
317.wav,0.18129661503155478
318.wav,0.45008605851979344
319.wav,0.9839357429718875
320.wav,0.5530694205393001
321.wav,0.09667240390131955
322.wav,0.28399311531841653
323.wav,0.8864027538726335
324.wav,0.22346528973034996
325.wav,0.24784853700516352
326.wav,0.6810097532989099
327.wav,0.9314400458978772
328.wav,0.614027538726334
329.wav,0.28829604130808956
330.wav,0.580895008605852
331.wav,0.8118187033849683
332.wav,0.12162937464142283
333.wav,0.7639127940332759
334.wav,0.31296615031554786
335.wav,0.15375788869764773
336.wav,0.42598967297762474
337.wav,0.8944348823866896
338.wav,0.06769936890418819
339.wav,0.8663224325874929
340.wav,0.08204245553643146
341.wav,0.6617900172117039
342.wav,0.7693631669535285
343.wav,0.3273092369477912
344.wav,0.2969018932874355
345.wav,0.8195639701663797
346.wav,0.5685599541021227
347.wav,0.3818129661503155
348.wav,0.13482501434308664
349.wav,0.30866322432587495
350.wav,0.06597819850831899
351.wav,0.7997705106138842
352.wav,0.13367756741250716
353.wav,0.423407917383821
354.wav,0.10269650028686172
355.wav,0.7530120481927711
356.wav,0.5720022948938611
357.wav,0.060527825588066554
358.wav,0.2541594951233505
359.wav,0.1534710269650029
360.wav,0.9294320137693631
361.wav,0.7960413080895008
362.wav,0.16179001721170397
363.wav,0.291451520367183
364.wav,0.8835341365461847
365.wav,0.45926563396442915
366.wav,0.8014916810097533
367.wav,0.31124497991967875
368.wav,0.8098106712564542
369.wav,0.3485370051635112
370.wav,0.24727481353987377
371.wav,0.4265633964429145
372.wav,0.027251864601262193
373.wav,0.15949512335054503
374.wav,0.4561101549053357
375.wav,0.4420539300057372
376.wav,0.704245553643144
377.wav,0.18215720022948936
378.wav,0.9053356282271944
379.wav,0.8316121629374642
380.wav,0.6345381526104418
381.wav,0.04618473895582329
382.wav,0.2762478485370052
383.wav,0.5527825588066552
384.wav,0.5401606425702811
385.wav,0.46069994262765346
386.wav,0.46930579460699945
387.wav,0.0387263339070568
388.wav,0.7908777969018933
389.wav,0.44434882386689617
390.wav,0.3092369477911647
391.wav,0.387263339070568
392.wav,0.3843947217441193
393.wav,0.5748709122203098
394.wav,0.7954675846242112
395.wav,0.6081468732071142
396.wav,0.3232931726907631
397.wav,0.21026965002868617
398.wav,0.14716006884681584
399.wav,0.15203671830177853
400.wav,0.7954675846242112
401.wav,0.3204245553643144
402.wav,0.02667814113597246
403.wav,0.40590935169248427
404.wav,0.39070567986230637
405.wav,0.6890418818129661
406.wav,0.938324727481354
407.wav,0.2363740676993689
408.wav,0.642570281124498
409.wav,0.5545037292025244
410.wav,0.32099827882960413
411.wav,0.9913941480206541
412.wav,0.06110154905335629
413.wav,0.42369477911646586
414.wav,0.5728628800917958
415.wav,0.06368330464716009
416.wav,0.6706827309236948
417.wav,0.6956397016637981
418.wav,0.9902467010900745
419.wav,0.19535283993115315
420.wav,0.34136546184738953
421.wav,0.9988525530694204
422.wav,0.9538152610441767
423.wav,0.4799196787148594
424.wav,0.06282271944922548
425.wav,0.8296041308089501
426.wav,0.5935169248422261
427.wav,0.7613310384394721
428.wav,0.5851979345955249
429.wav,0.3792312105565117
430.wav,0.17010900745840507
431.wav,0.7966150315547905
432.wav,0.5393000573723465
433.wav,0.6517498565691336
434.wav,0.9090648307515777
435.wav,0.03384968445209409
436.wav,0.9632816982214573
437.wav,0.2882960413080895
438.wav,0.20481927710843373
439.wav,0.3284566838783706
440.wav,0.15461847389558234
441.wav,0.7940332759609868
442.wav,0.45725760183591513
443.wav,0.4670109007458405
444.wav,0.08691910499139414
445.wav,0.2837062535857717
446.wav,0.6706827309236948
447.wav,0.11216293746414228
448.wav,0.11675272518646013
449.wav,0.7111302352266208
450.wav,0.8465289730349972
451.wav,0.8413654618473895
452.wav,0.5421686746987951
453.wav,0.42771084337349397
454.wav,0.6603557085484796
455.wav,0.8516924842226047
456.wav,0.03471026965002869
457.wav,0.34566838783706255
458.wav,0.07888697647733793
459.wav,0.7162937464142284
460.wav,0.6032702237521514
461.wav,0.5418818129661503
462.wav,0.17584624211130237
463.wav,0.580895008605852
464.wav,0.806368330464716
465.wav,0.2008032128514056
466.wav,0.889558232931727
467.wav,0.22920252438324729
468.wav,0.11101549053356281
469.wav,0.46815834767641995
470.wav,0.4294320137693632
471.wav,0.22088353413654618
472.wav,0.75530694205393
473.wav,0.0034423407917383822
474.wav,0.9125071715433161
475.wav,0.8640275387263339
476.wav,0.6626506024096386
477.wav,0.10327022375215146
478.wav,0.6795754446356855
479.wav,0.4549627079747562
480.wav,0.9018932874354562
481.wav,0.6801491681009754
482.wav,0.36689615605278253
483.wav,0.5619621342512908
484.wav,0.45611015490533563
485.wav,0.5731497418244406
486.wav,0.5097532989099255
487.wav,0.17096959265633963
488.wav,0.46959265633964425
489.wav,0.9142283419391853
490.wav,0.5100401606425703
491.wav,0.31755593803786575
492.wav,0.6861732644865176
493.wav,0.6239242685025816
494.wav,0.3514056224899598
495.wav,0.27280550774526674
496.wav,0.555364314400459
497.wav,0.7068273092369477
498.wav,0.614027538726334
499.wav,0.9449225473321858
500.wav,0.06741250717154332
501.wav,0.33820998278829606
502.wav,0.7119908204245554
503.wav,0.414802065404475
504.wav,0.39672977624784855
505.wav,0.7062535857716581
506.wav,0.923407917383821
507.wav,0.3889845094664372
508.wav,0.3427997705106139
509.wav,0.8029259896729776
510.wav,0.32558806655192196
511.wav,0.7687894434882386
512.wav,0.16724039013195643
513.wav,0.028399311531841654
514.wav,0.10786001147446932
515.wav,0.8755020080321284
516.wav,0.23063683304647162
517.wav,0.8522662076878945
518.wav,0.6643717728055077
519.wav,0.45180722891566266
520.wav,0.02438324727481354
521.wav,0.4842226047045324
522.wav,0.7673551348250144
523.wav,0.5565117613310385
524.wav,0.36574870912220314
525.wav,0.8892713711990821
526.wav,0.5886402753872634
527.wav,0.6732644865174987
528.wav,0.17814113597246128
529.wav,0.008032128514056226
530.wav,0.6729776247848537
531.wav,0.8060814687320711
532.wav,0.53184165232358
533.wav,0.10040160642570282
534.wav,0.9672977624784854
535.wav,0.7538726333907056
536.wav,0.6508892713711991
537.wav,0.4248422260470453
538.wav,0.42828456683878374
539.wav,0.9251290877796902
540.wav,0.8330464716006883
541.wav,0.13798049340218013
542.wav,0.6018359150889271
543.wav,0.2897303499713138
544.wav,0.17756741250717156
545.wav,0.5895008605851979
546.wav,0.7487091222030982
547.wav,0.4911072862880092
548.wav,0.2369477911646586
549.wav,0.7713711990820423
550.wav,0.5091795754446357
551.wav,0.9360298336201951
552.wav,0.7194492254733219
553.wav,0.7699368904188181
554.wav,0.7409638554216867
555.wav,0.45754446356855993
556.wav,0.8620195065978198
557.wav,0.4804934021801492
558.wav,0.7633390705679862
559.wav,0.229776247848537
560.wav,0.08003442340791737
561.wav,0.8921399885255307
562.wav,0.8749282845668388
563.wav,0.7641996557659207
564.wav,0.38783706253585776
565.wav,0.934021801491681
566.wav,0.7558806655192197
567.wav,0.7627653471026964
568.wav,0.6534710269650029
569.wav,0.14543889845094662
570.wav,0.9165232358003443
571.wav,0.23608720596672403
572.wav,0.6835915088927137
573.wav,0.806368330464716
574.wav,0.6428571428571429
575.wav,0.6858864027538726
576.wav,0.07114170969592656
577.wav,0.8321858864027538
578.wav,0.20367183017785426
579.wav,0.026104417670682733
580.wav,0.7492828456683878
581.wav,0.4122203098106712
582.wav,0.004016064257028113
583.wav,0.44119334480780265
584.wav,0.5940906483075158
585.wav,0.10527825588066553
586.wav,0.39013195639701664
587.wav,0.9219736087205966
588.wav,0.18387837062535858
589.wav,0.9099254159495124
590.wav,0.034423407917383825
591.wav,0.4675846242111303
592.wav,0.25817555938037867
593.wav,0.7871485943775101
594.wav,0.05249569707401033
595.wav,0.06282271944922548
596.wav,0.3795180722891566
597.wav,0.9687320711417097
598.wav,0.7570281124497992
599.wav,0.7418244406196214
600.wav,0.091508892713712
601.wav,0.08175559380378657
602.wav,0.1970740103270224
603.wav,0.30895008605851976
604.wav,0.948938611589214
605.wav,0.45152036718301775
606.wav,0.6207687894434882
607.wav,0.8909925415949512
608.wav,0.2868617326448652
609.wav,0.8743545611015491
610.wav,0.6095811818703386
611.wav,0.6746987951807228
612.wav,0.6090074584050488
613.wav,0.623637406769937
614.wav,0.1422834193918531
615.wav,0.887263339070568
616.wav,0.0008605851979345956
617.wav,0.7997705106138842
618.wav,0.8689041881812966
619.wav,0.11158921399885256
620.wav,0.5390131956397016
621.wav,0.3138267355134825
622.wav,0.6726907630522088
623.wav,0.6437177280550773
624.wav,0.10327022375215146
625.wav,0.8666092943201377
626.wav,0.18502581755593805
627.wav,0.3970166379804934
628.wav,0.26563396442914516
629.wav,0.9624211130235226
630.wav,0.3485370051635112
631.wav,0.659495123350545
632.wav,0.5430292598967298
633.wav,0.9159495123350546
634.wav,0.49569707401032703
635.wav,0.1259323006310958
636.wav,0.4790590935169248
637.wav,0.2917383820998279
638.wav,0.32903040734366035
639.wav,0.30349971313826735
640.wav,0.8301778542742397
641.wav,0.12994836488812392
642.wav,0.4836488812392427
643.wav,0.3703384968445209
644.wav,0.12105565117613311
645.wav,0.0633964429145152
646.wav,0.7716580608146874
647.wav,0.27882960413080893
648.wav,0.7429718875502008
649.wav,0.45869191049913943
650.wav,0.5289730349971313
651.wav,0.3450946643717728
652.wav,0.07372346528973035
653.wav,0.015203671830177854
654.wav,0.3373493975903615
655.wav,0.14687320711417096
656.wav,0.6293746414228342
657.wav,0.22088353413654618
658.wav,0.5390131956397016
659.wav,0.36001147446930587
660.wav,0.07142857142857142
661.wav,0.7573149741824441
662.wav,0.857429718875502
663.wav,0.33046471600688465
664.wav,0.45324153757888697
665.wav,0.5694205393000574
666.wav,0.2059667240390132
667.wav,0.37722317842799774
668.wav,0.18387837062535858
669.wav,0.876362593230063
670.wav,0.1646586345381526
671.wav,0.5057372346528973
672.wav,0.5246701090074585
673.wav,0.6738382099827883
674.wav,0.770223752151463
675.wav,0.719162363740677
676.wav,0.598106712564544
677.wav,0.9612736660929432
678.wav,0.955249569707401
679.wav,0.6910499139414803
680.wav,0.6586345381526104
681.wav,0.8083763625932301
682.wav,0.9150889271371199
683.wav,0.7183017785427425
684.wav,0.4601262191623637
685.wav,0.836201950659782
686.wav,0.591508892713712
687.wav,0.6660929432013769
688.wav,0.36689615605278253
689.wav,0.9799196787148595
690.wav,0.5037292025243832
691.wav,0.3187033849684452
692.wav,0.4836488812392427
693.wav,0.602122776821572
694.wav,0.7578886976477338
695.wav,0.6767068273092369
696.wav,0.4423407917383821
697.wav,0.2662076878944349
698.wav,0.9150889271371199
699.wav,0.5487664945496271
700.wav,0.7954675846242111
701.wav,0.9380378657487091
702.wav,0.09523809523809523
703.wav,0.09753298909925416
704.wav,0.6115892139988525
705.wav,0.20481927710843373
706.wav,0.2601835915088927
707.wav,0.35513482501434307
708.wav,0.621342512908778
709.wav,0.3961560527825588
710.wav,0.9584050487664945
711.wav,0.1703958691910499
712.wav,0.8551348250143431
713.wav,0.8752151462994836
714.wav,0.5725760183591508
715.wav,0.8333333333333334
716.wav,0.8783706253585771
717.wav,0.3476764199655766
718.wav,0.7971887550200804
719.wav,0.7151462994836489
720.wav,0.5513482501434309
721.wav,0.6758462421113024
722.wav,0.09868043602983362
723.wav,0.04962707974756168
724.wav,0.8324727481353987
725.wav,0.8029259896729776
726.wav,0.6333907056798623
727.wav,0.10240963855421686
728.wav,0.8594377510040161
729.wav,0.9695926563396443
730.wav,0.6503155479059094
731.wav,0.7380952380952381
732.wav,0.036718301778542746
733.wav,0.39013195639701664
734.wav,0.1629374641422834
735.wav,0.7687894434882386
736.wav,0.518932874354561
737.wav,0.6623637406769937
738.wav,0.03643144004589788
739.wav,0.34279977051061383
740.wav,0.6156052782558806
741.wav,0.6222030981067126
742.wav,0.3519793459552496
743.wav,0.9082042455536431
744.wav,0.868043602983362
745.wav,0.02495697074010327
746.wav,0.21715433161216294
747.wav,0.7022375215146299
748.wav,0.7151462994836489
749.wav,0.4905335628227194
750.wav,0.342512908777969
751.wav,0.04962707974756168
752.wav,0.8023522662076878
753.wav,0.10097532989099255
754.wav,0.20768789443488236
755.wav,0.34939759036144585
756.wav,0.30866322432587495
757.wav,0.39328743545611017
758.wav,0.29661503155479063
759.wav,0.5820424555364315
760.wav,0.5943775100401606
761.wav,0.2114170969592656
762.wav,0.608433734939759
763.wav,0.6333907056798623
764.wav,0.7860011474469305
765.wav,0.3628800917957544
766.wav,0.49225473321858865
767.wav,0.6726907630522089
768.wav,0.8422260470453242
769.wav,0.5083189902467011
770.wav,0.4030407343660356
771.wav,0.40791738382099824
772.wav,0.4274239816408491
773.wav,0.6706827309236948
774.wav,0.9205393000573724
775.wav,0.7983362019506598
776.wav,0.532128514056225
777.wav,0.7418244406196214
778.wav,0.1844520940906483
779.wav,0.5281124497991968
780.wav,0.280837636259323
781.wav,0.8103843947217442
782.wav,0.8293172690763052
783.wav,0.7226047045324154
784.wav,0.9566838783706254
785.wav,0.4394721744119334
786.wav,0.20510613884107862
787.wav,0.12421113023522663
788.wav,0.08691910499139414
789.wav,0.012908777969018933
790.wav,0.5797475616752724
791.wav,0.8112449799196787
792.wav,0.6632243258749283
793.wav,0.2395295467584624
794.wav,0.4179575444635686
795.wav,0.5261044176706827
796.wav,0.19076305220883535
797.wav,0.08548479632816981
798.wav,0.6876075731497419
799.wav,0.8671830177854275
800.wav,0.39386115892139983
801.wav,0.32271944922547335
802.wav,0.13941480206540446
803.wav,0.4104991394148021
804.wav,0.5109007458405049
805.wav,0.1227768215720023
806.wav,0.9934021801491681
807.wav,0.8146873207114171
808.wav,0.7771084337349398
809.wav,0.9394721744119335
810.wav,0.153184165232358
811.wav,0.7567412507171541
812.wav,0.6279403327596099
813.wav,0.10527825588066551
814.wav,0.5068846815834768
815.wav,0.4495123350545038
816.wav,0.5031554790590935
817.wav,0.2587492828456684
818.wav,0.5656913367756742
819.wav,0.8608720596672402
820.wav,0.10355708548479632
821.wav,0.03815261044176707
822.wav,0.65978198508319
823.wav,0.3373493975903614
824.wav,0.9087779690189329
825.wav,0.9632816982214573
826.wav,0.11703958691910499
827.wav,0.3514056224899598
828.wav,0.617039586919105
829.wav,0.7805507745266781
830.wav,0.8181296615031556
831.wav,0.045897877223178424
832.wav,0.22002294893861155
833.wav,0.6563396442914514
834.wav,0.8003442340791738
835.wav,0.35312679288582904
836.wav,0.25243832472748134
837.wav,0.8476764199655765
838.wav,0.49225473321858865
839.wav,0.42971887550200805
840.wav,0.47733792312105566
841.wav,0.29259896729776247
842.wav,0.3746414228341939
843.wav,0.01835915088927137
844.wav,0.5545037292025243
845.wav,0.7716580608146874
846.wav,0.6566265060240964
847.wav,0.4107860011474469
848.wav,0.8849684452094091
849.wav,0.8545611015490534
850.wav,0.4810671256454389
851.wav,0.965863453815261
852.wav,0.22518646012621915
853.wav,0.3430866322432588
854.wav,0.9291451520367183
855.wav,0.8709122203098106
856.wav,0.6288009179575444
857.wav,0.3602983362019507
858.wav,0.011761331038439474
859.wav,0.9176706827309237
860.wav,0.6735513482501435
861.wav,0.7162937464142284
862.wav,0.9515203671830177
863.wav,0.1778542742398164
864.wav,0.9251290877796903
865.wav,0.26305220883534136
866.wav,0.4730349971313827
867.wav,0.06483075157773953
868.wav,0.35111876075731496
869.wav,0.1649454962707975
870.wav,0.219162363740677
871.wav,0.37808376362593227
872.wav,0.1678141135972461
873.wav,0.5917957544463569
874.wav,0.6029833620195065
875.wav,0.8132530120481927
876.wav,0.2905909351692484
877.wav,0.20969592656339645
878.wav,0.18301778542742397
879.wav,0.41824440619621345
880.wav,0.29862306368330466
881.wav,0.9328743545611015
882.wav,0.26391279403327594
883.wav,0.3924268502581756
884.wav,0.2636259323006311
885.wav,0.3072289156626506
886.wav,0.8780837636259323
887.wav,0.24239816408491108
888.wav,0.46270797475616754
889.wav,0.24842226047045327
890.wav,0.13367756741250716
891.wav,0.7289156626506025
892.wav,0.6296615031554791
893.wav,0.9136546184738955
894.wav,0.30522088353413657
895.wav,0.33505450372920254
896.wav,0.5849110728628801
897.wav,0.5679862306368331
898.wav,0.5499139414802064
899.wav,0.5131956397016638
900.wav,0.861732644865175
901.wav,0.28944348823866894
902.wav,0.11331038439472174
903.wav,0.4885255306942054
904.wav,0.076592082616179
905.wav,0.016924842226047048
906.wav,0.9070567986230637
907.wav,0.12335054503729204
908.wav,0.6419965576592083
909.wav,0.060814687320711415
910.wav,0.2768215720022949
911.wav,0.8304647160068847
912.wav,0.9730349971313826
913.wav,0.8258749282845669
914.wav,0.8238668961560528
915.wav,0.6896156052782558
916.wav,0.3760757314974182
917.wav,0.5656913367756741
918.wav,0.15404475043029262
919.wav,0.4294320137693632
920.wav,0.3012048192771084
921.wav,0.346815834767642
922.wav,0.12392426850258176
923.wav,0.208548479632817
924.wav,0.5097532989099255
925.wav,0.28255880665519223
926.wav,0.12363740676993688
927.wav,0.9211130235226621
928.wav,0.8697647733792312
929.wav,0.8539873780837636
930.wav,0.7593230063109582
931.wav,0.45152036718301775
932.wav,0.7753872633390705
933.wav,0.8519793459552497
934.wav,0.7335054503729204
935.wav,0.8881239242685025
936.wav,0.7134251290877796
937.wav,0.19650028686173263
938.wav,0.4790590935169248
939.wav,0.9853700516351118
940.wav,0.05765920826161789
941.wav,0.9449225473321858
942.wav,0.32013769363166955
943.wav,0.9033275960986803
944.wav,0.2266207687894435
945.wav,0.8359150889271371
946.wav,0.4242685025817556
947.wav,0.7756741250717155
948.wav,0.2504302925989673
949.wav,0.2469879518072289
950.wav,0.4285714285714286
951.wav,0.7300631095811819
952.wav,0.23121055651176134
953.wav,0.7426850258175559
954.wav,0.291451520367183
955.wav,0.9790590935169248
956.wav,0.07286288009179576
957.wav,0.06712564543889844
958.wav,0.11388410786001148
959.wav,0.23694779116465867
960.wav,0.3387837062535857
961.wav,0.4176706827309237
962.wav,0.24526678141135974
963.wav,0.7452667814113597
964.wav,0.3634538152610442
965.wav,0.09064830751577739
966.wav,0.5800344234079174
967.wav,0.948938611589214
968.wav,0.1985083189902467
969.wav,0.04159495123350545
970.wav,0.32013769363166955
971.wav,0.7925989672977626
972.wav,0.10240963855421688
973.wav,0.13195639701663797
974.wav,0.8760757314974182
975.wav,0.8192771084337349
976.wav,0.9509466437177281
977.wav,0.39127940332759614
978.wav,0.9954102122776822
979.wav,0.2762478485370052
980.wav,0.5837636259323006
981.wav,0.9125071715433162
982.wav,0.22231784279977052
983.wav,0.007458405048766495
984.wav,0.16666666666666666
985.wav,0.2791164658634538
986.wav,0.2380952380952381
987.wav,0.6161790017211702
988.wav,0.20768789443488236
989.wav,0.23407917383820998
990.wav,0.9552495697074009
991.wav,0.10327022375215146
992.wav,0.13453815261044175
993.wav,0.04790590935169248
994.wav,0.7966150315547905
995.wav,0.6881812966150317
996.wav,0.28083763625932295
997.wav,0.9853700516351118
998.wav,0.7099827882960413
999.wav,0.8697647733792312
1000.wav,0.16379804934021802
1001.wav,0.8912794033275961
1002.wav,0.778829604130809
1003.wav,0.3379231210556512
1004.wav,0.6374067699368905
1005.wav,0.6451520367183018
1006.wav,0.9971313826735514
1007.wav,0.2444061962134251
1008.wav,0.3889845094664372
1009.wav,0.025530694205393
1010.wav,0.6784279977051062
1011.wav,0.7177280550774526
1012.wav,0.77653471026965
1013.wav,0.6445783132530121
1014.wav,0.9759036144578314
1015.wav,0.897877223178428
1016.wav,0.8247274813539874
1017.wav,0.6069994262765347
1018.wav,0.8359150889271372
1019.wav,0.6729776247848537
1020.wav,0.9119334480780265
1021.wav,0.8843947217441194
1022.wav,0.4067699368904188
1023.wav,0.20940906483075158
1024.wav,0.12707974756167525
1025.wav,0.8253012048192772
1026.wav,0.52122776821572
1027.wav,0.7271944922547332
1028.wav,0.9736087205966725
1029.wav,0.29001721170395867
1030.wav,0.034710269650028686
1031.wav,0.5051635111876075
1032.wav,0.6069994262765347
1033.wav,0.34366035570854847
1034.wav,0.823293172690763
1035.wav,0.4535283993115318
1036.wav,0.9847963281698221
1037.wav,0.014343086632243257
1038.wav,0.4931153184165232
1039.wav,0.00889271371199082
1040.wav,0.9262765347102696
1041.wav,0.21227768215720022
1042.wav,0.036718301778542746
1043.wav,0.09380378657487091
1044.wav,0.21543316121629374
1045.wav,0.8115318416523235
1046.wav,0.9558232931726908
1047.wav,0.6827309236947792
1048.wav,0.6216293746414229
1049.wav,0.7670682730923696
1050.wav,0.25301204819277107
1051.wav,0.24096385542168675
1052.wav,0.7839931153184164
1053.wav,0.795754446356856
1054.wav,0.4968445209409064
1055.wav,0.2197360872059667
1056.wav,0.572576018359151
1057.wav,0.16982214572576018
1058.wav,0.15834767641996558
1059.wav,0.36058519793459554
1060.wav,0.4420539300057372
1061.wav,0.4386115892139988
1062.wav,0.5450372920252438
1063.wav,0.0502008032128514
1064.wav,0.46442914515203676
1065.wav,0.8947217441193346
1066.wav,0.5817555938037866
1067.wav,0.12191623637406772
1068.wav,0.8493975903614457
1069.wav,0.004302925989672978
1070.wav,0.955249569707401
1071.wav,0.49741824440619625
1072.wav,0.3040734366035571
1073.wav,0.46414228341939184
1074.wav,0.09351692484222605
1075.wav,0.4736087205966724
1076.wav,0.5857716580608148
1077.wav,0.1646586345381526
1078.wav,0.8625932300631095
1079.wav,0.42312105565117614
1080.wav,0.17039586919104988
1081.wav,0.10843373493975904
1082.wav,0.28514056224899603
1083.wav,0.8930005737234653
1084.wav,0.9285714285714285
1085.wav,0.40791738382099835
1086.wav,0.15203671830177853
1087.wav,0.9208261617900172
1088.wav,0.22776821572002295
1089.wav,0.37205966724039014
1090.wav,0.9320137693631669
1091.wav,0.336201950659782
1092.wav,0.6824440619621343
1093.wav,0.4104991394148021
1094.wav,0.7796901893287435
1095.wav,0.4865174985656913
1096.wav,0.8201376936316694
1097.wav,0.8390705679862306
1098.wav,0.8580034423407916
1099.wav,0.2495697074010327
1100.wav,0.02983362019506598
1101.wav,0.5051635111876076
1102.wav,0.31095811818703384
1103.wav,0.11503155479059095
1104.wav,0.5966724039013195
1105.wav,0.1623637406769937
1106.wav,0.555077452667814
1107.wav,0.27051061388410785
1108.wav,0.8611589213998853
1109.wav,0.45754446356855993
1110.wav,0.42971887550200805
1111.wav,0.17326448651749857
1112.wav,0.7788296041308089
1113.wav,0.25530694205393
1114.wav,0.5335628227194492
1115.wav,0.9738955823293173
1116.wav,0.6867469879518072
1117.wav,0.10986804360298336
1118.wav,0.7214572576018359
1119.wav,0.10097532989099255
1120.wav,0.5912220309810671
1121.wav,0.5940906483075158
1122.wav,0.42971887550200805
1123.wav,0.7154331612162937
1124.wav,0.7208835341365463
1125.wav,0.591508892713712
1126.wav,0.306368330464716
1127.wav,0.047619047619047616
1128.wav,0.6101549053356282
1129.wav,0.3987378083763626
1130.wav,0.47963281698221455
1131.wav,0.5633964429145152
1132.wav,0.2033849684452094
1133.wav,0.3450946643717728
1134.wav,0.9741824440619622
1135.wav,0.20367183017785426
1136.wav,0.1944922547332186
1137.wav,0.03700516351118761
1138.wav,0.2429718875502008
1139.wav,0.2679288582903041
1140.wav,0.8060814687320711
1141.wav,0.38009179575444635
1142.wav,0.13769363166953527
1143.wav,0.8301778542742397
1144.wav,0.27452667814113596
1145.wav,0.5028686173264486
1146.wav,0.597819850831899
1147.wav,0.8341939185312679
1148.wav,0.8376362593230063
1149.wav,0.8442340791738382
1150.wav,0.102122776821572
1151.wav,0.31497418244406195
1152.wav,0.5344234079173839
1153.wav,0.555364314400459
1154.wav,0.12421113023522662
1155.wav,0.7277682157200229
1156.wav,0.24899598393574296
1157.wav,0.7091222030981067
1158.wav,0.10499139414802065
1159.wav,0.5281124497991967
1160.wav,0.6549053356282272
1161.wav,0.47733792312105566
