customer_id,protection_score
CUST110000,99.90609080596376
CUST110001,71.54663557320133
CUST110002,48.798119418872545
CUST110003,66.05767791115836
CUST110004,97.38057744609686
CUST110005,34.03103892789243
CUST110006,65.15367849269947
CUST110007,67.3204244982276
CUST110008,67.2280159681602
CUST110009,78.77557750631445
CUST110010,44.77794640261624
CUST110011,76.39347054514091
CUST110012,50.46002047030205
CUST110013,52.71879629181597
CUST110014,94.1467425584289
CUST110015,73.23363194282781
CUST110016,67.34441248076034
CUST110017,56.076016330350825
CUST110018,28.619081463867843
CUST110019,53.93503993684902
CUST110020,15.605460245477472
CUST110021,93.57652744557845
CUST110022,43.10252682794421
CUST110023,100.0
CUST110024,88.34008876053946
CUST110025,74.8315529882589
CUST110026,80.05403579488762
CUST110027,72.92194161010417
CUST110028,88.78856407792023
CUST110029,78.69560003253882
CUST110030,68.16170522640206
CUST110031,24.034417252011632
CUST110032,91.72064738472433
CUST110033,81.83767984219519
CUST110034,21.893812570202186
CUST110035,89.59911097564994
CUST110036,82.74998924189684
CUST110037,98.47871305179079
CUST110038,98.14082539015745
CUST110039,59.406099302626444
CUST110040,46.055327135262075
CUST110041,73.12590500647178
CUST110042,49.79859728958146
CUST110043,37.47690564628511
CUST110044,79.81170064100668
CUST110045,55.7529027882596
CUST110046,74.25995121909318
CUST110047,74.12992011414353
CUST110048,94.58378219054192
CUST110049,24.939566105207927
CUST110050,86.74116928574675
CUST110051,18.11082769818052
CUST110052,47.65583429778701
CUST110053,90.75964493835365
CUST110054,50.81487109620512
CUST110055,95.38778285270558
CUST110056,58.54088082633751
CUST110057,37.07903467387793
CUST110058,79.21289149699824
CUST110059,68.36245337944781
CUST110060,86.35035753047275
CUST110061,83.29116836536176
CUST110062,84.90547891906112
CUST110063,58.03609242823388
CUST110064,80.30618582340011
CUST110065,40.14638615051288
CUST110066,85.48714446333275
CUST110067,86.50873788203806
CUST110068,13.615057594917404
CUST110069,53.75551227287129
CUST110070,56.77677691401461
CUST110071,71.03770100873332
CUST110072,75.69971022995317
CUST110073,62.6584199545361
CUST110074,87.33229471954648
CUST110075,56.48754302604319
CUST110076,78.9174322285216
CUST110077,72.36506514692293
CUST110078,8.483632283566223
CUST110079,64.57847988707844
CUST110080,68.04584045654751
CUST110081,97.65675055121669
CUST110082,51.8079382050445
CUST110083,56.818481518266026
CUST110084,41.54621092134062
CUST110085,59.792862803663105
CUST110086,70.87963479282489
CUST110087,75.16173309890318
CUST110088,62.64833579641885
CUST110089,60.690251019909624
CUST110090,56.42984927322055
CUST110091,73.98228949201437
CUST110092,98.96395669632453
CUST110093,95.86977437425476
CUST110094,98.73194859442116
CUST110095,89.91052731929362
CUST110096,70.3828456315402
CUST110097,73.20910283448903
CUST110098,83.51979131777858
CUST110099,3.2703218863196297
CUST110100,36.614586000846664
CUST110101,74.30505389838638
CUST110102,75.72474698953079
CUST110103,37.74264354058029
CUST110104,61.539667471334916
CUST110105,87.22587635119798
CUST110106,87.01123181991552
CUST110107,45.08471266016139
CUST110108,88.84886582930802
CUST110109,69.1692273027186
CUST110110,49.13186006699081
CUST110111,68.53228444236983
CUST110112,34.652925576885025
CUST110113,36.3167339667983
CUST110114,67.927199932683
CUST110115,8.047560007411631
CUST110116,82.40652418818938
CUST110117,84.66663704237835
CUST110118,79.79030307952773
CUST110119,82.67180525899475
CUST110120,40.16330833176378
CUST110121,82.19908241395287
CUST110122,85.4873499560536
CUST110123,42.452346964372964
CUST110124,69.05789499422683
CUST110125,79.92595845569424
CUST110126,53.02361957958545
CUST110127,33.7028291812135
CUST110128,92.94944367962886
CUST110129,51.31861036452394
CUST110130,85.42534465551599
CUST110131,75.53164780916681
CUST110132,79.10682092943705
CUST110133,54.431921014350586
CUST110134,72.16050553009337
CUST110135,91.07760081113297
CUST110136,76.41785416217128
CUST110137,69.6801353421485
CUST110138,92.42129857847499
CUST110139,14.212139214247728
CUST110140,95.53745305477607
CUST110141,51.78232458522974
CUST110142,61.85041572829011
CUST110143,86.33780328141688
CUST110144,30.14296857416956
CUST110145,89.43321443522018
CUST110146,75.5429440079255
CUST110147,64.07093126233126
CUST110148,72.20071103106372
CUST110149,72.4617180392916
CUST110150,48.70314681575656
CUST110151,20.576194380495572
CUST110152,96.2562559414636
CUST110153,71.39441381109869
CUST110154,79.21203624335241
CUST110155,82.90768859565374
CUST110156,82.93944518593803
CUST110157,26.406275968579706
CUST110158,43.64047085352385
CUST110159,39.3772876791492
CUST110160,78.43267866798557
CUST110161,74.79348116730982
CUST110162,95.40273335258352
CUST110163,49.41981535206205
CUST110164,7.195194765745747
CUST110165,84.28225798711789
CUST110166,55.813119099660646
CUST110167,56.48481775284557
CUST110168,97.45943000629585
CUST110169,78.46281853466466
CUST110170,46.17746514317273
CUST110171,93.0004847714085
CUST110172,63.519984541273026
CUST110173,29.34884571735067
CUST110174,95.94519695114475
CUST110175,85.55908527607346
CUST110176,95.7412503453816
CUST110177,72.91717457054351
CUST110178,46.292115368792544
CUST110179,78.08780816766885
CUST110180,88.85328755511239
CUST110181,50.9919259183119
CUST110182,76.54927124582123
CUST110183,72.36841908863137
CUST110184,90.00425491312814
CUST110185,72.70693411652711
CUST110186,61.21119808299673
CUST110187,36.505298489477276
CUST110188,36.57620913540604
CUST110189,77.99395881529551
CUST110190,25.987962501061684
CUST110191,75.64487570969322
CUST110192,32.47801200721693
CUST110193,64.87128819859299
CUST110194,74.39965777008517
CUST110195,90.05221255799192
CUST110196,97.61064411861241
CUST110197,66.97073295452374
CUST110198,77.53976091196263
CUST110199,42.70752772087348
CUST110200,55.5832678752808
CUST110201,99.24158265436851
CUST110202,89.91790531483825
CUST110203,88.25821893369827
CUST110204,78.15675122458818
CUST110205,58.2766412437908
CUST110206,95.60455085119433
CUST110207,97.83207898257358
CUST110208,83.36140775454972
CUST110209,28.80662589414872
CUST110210,29.152760341774794
CUST110211,50.86243933923064
CUST110212,84.75548080762502
CUST110213,82.61187580456719
CUST110214,75.52535390012793
CUST110215,48.212274510859295
CUST110216,49.28314210722218
CUST110217,52.88129550797394
CUST110218,58.407380978450114
CUST110219,86.82574320539503
CUST110220,69.27372592783878
CUST110221,84.54680316850437
CUST110222,87.13450600506496
CUST110223,68.78376520374819
CUST110224,85.32456004252352
CUST110225,29.268424323806006
CUST110226,84.78289632065288
CUST110227,87.5869459428091
CUST110228,88.74307500893651
CUST110229,53.919600382007324
CUST110230,49.7549561546561
CUST110231,51.56833720717865
CUST110232,45.80836688020579
CUST110233,91.35779796790398
CUST110234,59.60865884787545
CUST110235,89.12316190505781
CUST110236,20.03736855752354
CUST110237,34.428018155459156
CUST110238,64.97074183789242
CUST110239,64.77369500585188
CUST110240,93.36618788925648
CUST110241,42.95895008407823
CUST110242,54.198797403170055
CUST110243,69.13623945249151
CUST110244,70.26585451946634
CUST110245,68.71046692944414
CUST110246,64.50697183975223
CUST110247,83.33559134030985
CUST110248,60.82543882231977
CUST110249,61.0466251925208
CUST110250,95.45776696357002
CUST110251,44.77079747110562
CUST110252,61.561605794520005
CUST110253,95.87728934418298
CUST110254,76.80697051922574
CUST110255,79.9831888558548
CUST110256,81.52549209704968
CUST110257,84.06724040686582
CUST110258,73.77971397938639
CUST110259,91.13871286460017
CUST110260,47.153410759873985
CUST110261,77.47648904850227
CUST110262,70.09038057328262
CUST110263,86.7665281489451
CUST110264,48.41228497603502
CUST110265,35.41757298303181
CUST110266,80.29064163788318
CUST110267,60.19223455907369
CUST110268,48.284108020957284
CUST110269,2.4532940160180217
CUST110270,71.25197373478943
CUST110271,83.17295480151093
CUST110272,30.67846732306488
CUST110273,83.00343381496492
CUST110274,40.985360668144224
CUST110275,94.69401258037412
CUST110276,44.973402379210036
CUST110277,73.61967259686027
CUST110278,74.12502861567953
CUST110279,91.38281347741543
CUST110280,87.91595028717893
CUST110281,76.84424557928298
CUST110282,83.70692055805142
CUST110283,38.43520740723514
CUST110284,35.36914001979022
CUST110285,90.95841501900706
CUST110286,45.67499091159863
CUST110287,45.776796666665284
CUST110288,77.09513785508238
CUST110289,96.90014321121562
CUST110290,74.30720312344225
CUST110291,41.78075639470483
CUST110292,39.503697392559104
CUST110293,50.34325428204812
CUST110294,48.544008857854664
CUST110295,68.63404043244692
CUST110296,23.434876834258414
CUST110297,46.80383466780103
CUST110298,95.28572154593506
CUST110299,64.10852882934411
CUST110300,96.49568821698274
CUST110301,96.92713325204197
CUST110302,86.88366173958275
CUST110303,10.639046130380427
CUST110304,22.547742399066475
CUST110305,67.86363137823322
CUST110306,47.61765924033856
CUST110307,50.392659243782255
CUST110308,58.364948458464404
CUST110309,72.09948581899657
CUST110310,87.10335985032863
CUST110311,59.79865913979805
CUST110312,77.34255225656084
CUST110313,74.23165157910894
CUST110314,97.04201138261124
CUST110315,50.61537736486006
CUST110316,56.54569287519764
CUST110317,33.26783183444497
CUST110318,94.31860090681596
CUST110319,71.20408578193793
CUST110320,94.2898055343663
CUST110321,34.348428733215144
CUST110322,77.40497954595442
CUST110323,79.43791122206699
CUST110324,77.09166896009945
CUST110325,65.82684459292123
CUST110326,83.0033770336967
CUST110327,72.89608814550174
CUST110328,92.55006791454782
CUST110329,79.88617169417257
CUST110330,17.662509571516566
CUST110331,45.91588015819834
CUST110332,75.24395174523362
CUST110333,83.18530994186926
CUST110334,82.24607411967266
CUST110335,47.74620430692651
CUST110336,98.46511791529029
CUST110337,62.246709208459755
CUST110338,88.0287727708217
CUST110339,94.33383291945971
CUST110340,63.553217275633585
CUST110341,81.64746358608383
CUST110342,81.15410559747723
CUST110343,92.91006868956337
CUST110344,57.34475297005307
CUST110345,69.17223492973365
CUST110346,32.88051583626288
CUST110347,71.88053509402708
CUST110348,55.5178485332087
CUST110349,90.06825898873221
CUST110350,57.82847491721905
CUST110351,36.34509992917855
CUST110352,55.1636602202195
CUST110353,73.20229832941828
CUST110354,86.76495330958836
CUST110355,44.16982338264791
CUST110356,52.21135989517097
CUST110357,90.44228974477038
CUST110358,58.45225066331171
CUST110359,43.711052613206675
CUST110360,86.95359558725609
CUST110361,98.1890146794863
CUST110362,99.9072503022174
CUST110363,88.02430710698525
CUST110364,98.2871902132613
CUST110365,36.804289484307986
CUST110366,99.84389446637722
CUST110367,83.34880562129547
CUST110368,77.94180717272506
CUST110369,75.34992224405858
CUST110370,90.61228583773213
CUST110371,74.78659450536654
CUST110372,87.84267125876153
CUST110373,37.24852629265339
CUST110374,88.12330160058968
CUST110375,95.31569100508511
CUST110376,84.41350206160631
CUST110377,62.50471512497919
CUST110378,43.16622232624072
CUST110379,90.789362783147
CUST110380,94.888680889047
CUST110381,86.2812843528792
CUST110382,83.52676741931934
CUST110383,60.74030740713011
CUST110384,76.3768050733996
CUST110385,79.0683088473431
CUST110386,43.56660794248196
CUST110387,59.21027828780842
CUST110388,76.40281014538404
CUST110389,74.28214716247224
CUST110390,75.76356267435719
CUST110391,36.10435826261969
CUST110392,69.51296346143863
CUST110393,53.24664862961595
CUST110394,94.4644095494943
CUST110395,29.180669703398575
CUST110396,43.94333162263601
CUST110397,5.50249801987511
CUST110398,76.30374005418784
CUST110399,90.91661562917226
CUST110400,32.06053751375766
CUST110401,65.33202071617012
CUST110402,19.8701425639215
CUST110403,52.58253534767877
CUST110404,27.036295792544475
CUST110405,75.69775193910137
CUST110406,70.70864013096038
CUST110407,93.56625253665736
CUST110408,78.54880488014446
CUST110409,96.75595376589074
CUST110410,73.17065177478327
CUST110411,72.83700691232747
CUST110412,76.80477432823969
CUST110413,81.63086502330599
CUST110414,79.80173866986904
CUST110415,46.90508449760846
CUST110416,60.68858314093442
CUST110417,73.22707148934101
CUST110418,77.20905581964962
CUST110419,88.62774112250402
CUST110420,79.7473264952779
CUST110421,98.29805634418263
CUST110422,70.63920536601468
CUST110423,34.69973199784331
CUST110424,71.34034268072706
CUST110425,52.93755272719255
CUST110426,90.17027237607947
CUST110427,81.60033506272931
CUST110428,66.3536863946085
CUST110429,74.39266946740524
CUST110430,68.50497047939608
CUST110431,40.05811684948237
CUST110432,94.7217754856362
CUST110433,53.73927729578738
CUST110434,66.98572257508916
CUST110435,78.87980411245748
CUST110436,75.0363454887295
CUST110437,67.97521613765784
CUST110438,44.42411279382495
CUST110439,96.03807953675066
CUST110440,91.68469683867438
CUST110441,81.58573024610139
CUST110442,93.00680165347313
CUST110443,100.0
CUST110444,63.13756063308703
CUST110445,77.18599909784352
CUST110446,68.79666304987757
CUST110447,58.5199947568369
CUST110448,87.58105368096919
CUST110449,86.04041820570465
CUST110450,99.6237462463339
CUST110451,88.97122921368509
CUST110452,99.12130934902912
CUST110453,37.71438498298422
CUST110454,68.31050430629398
CUST110455,91.7601015461218
CUST110456,85.6296801067012
CUST110457,70.89167998531282
CUST110458,78.95213238390956
CUST110459,89.62761190725247
CUST110460,17.147148306467503
CUST110461,57.590561864255676
CUST110462,74.05550450214635
CUST110463,42.865816286399934
CUST110464,87.06561288807075
CUST110465,28.93651232610226
CUST110466,87.18276736187543
CUST110467,29.684548149780984
CUST110468,56.48188422667772
CUST110469,99.79363784190689
CUST110470,47.902310924952296
CUST110471,86.49632045593751
CUST110472,78.68725363782193
CUST110473,50.50185830926298
CUST110474,64.10794337874535
CUST110475,72.08820164406488
CUST110476,94.99973832074153
CUST110477,66.05924551722894
CUST110478,41.75749128185257
CUST110479,100.0
CUST110480,48.223898419488314
CUST110481,52.20754523196442
CUST110482,78.046058790315
CUST110483,100.0
CUST110484,81.07624417859925
CUST110485,62.626307819083195
CUST110486,27.077872155862504
CUST110487,39.24433863119913
CUST110488,99.78601690413201
CUST110489,44.34371641993749
CUST110490,60.74748527887678
CUST110491,76.06494152932004
CUST110492,37.048520226836736
CUST110493,52.652907732829725
CUST110494,71.02474143571469
CUST110495,44.63694424762821
CUST110496,52.71673805071717
CUST110497,78.468918137572
CUST110498,73.77425034699138
CUST110499,68.27614358516107
CUST110500,74.91776075422234
CUST110501,72.64523863044377
CUST110502,82.70064776276486
CUST110503,64.82551135468626
CUST110504,70.3901635794317
CUST110505,32.77125027735004
CUST110506,70.48394131379547
CUST110507,57.73691949648832
CUST110508,60.189718937567164
CUST110509,84.53010188280322
CUST110510,54.193169318895265
CUST110511,39.161400839067845
CUST110512,74.78285936147476
CUST110513,95.15353368247627
CUST110514,74.91444710549156
CUST110515,87.72663148988647
CUST110516,82.6511890590066
CUST110517,78.14534663048714
CUST110518,41.27866224900674
CUST110519,74.7333195257712
CUST110520,22.261545960972896
CUST110521,56.623189504820566
CUST110522,46.05195768573503
CUST110523,66.87538134735688
CUST110524,91.43602653817511
CUST110525,93.5758820528705
CUST110526,82.87536048850653
CUST110527,63.16612045400971
CUST110528,87.54952814610014
CUST110529,95.22274519447797
CUST110530,94.14854645604622
CUST110531,61.67225491168501
CUST110532,24.39550545110741
CUST110533,52.57237978763808
CUST110534,73.29378030545917
CUST110535,64.41196840652765
CUST110536,41.59517244399117
CUST110537,90.1185173374103
CUST110538,86.80772024189365
CUST110539,81.07334504607012
CUST110540,54.32006844564603
CUST110541,88.07893062337801
CUST110542,81.54995377007486
CUST110543,57.468651994381226
CUST110544,52.67939083239764
CUST110545,21.925179647130378
CUST110546,96.89123021473114
CUST110547,76.47877790541287
CUST110548,48.85489925656653
CUST110549,77.01512563029037
CUST110550,78.2062820510551
CUST110551,70.1529922300186
CUST110552,91.42504027281308
CUST110553,84.81444564662986
CUST110554,53.95934487573907
CUST110555,63.700432890458536
CUST110556,87.91729411431758
CUST110557,75.04544082459039
CUST110558,83.2954017029708
CUST110559,74.70184577108637
CUST110560,26.90351279476035
CUST110561,84.67335484812754
CUST110562,47.133914880462896
CUST110563,19.026590531265732
CUST110564,64.76857117595397
CUST110565,34.61353841624179
CUST110566,71.35567462867111
CUST110567,28.86223383910361
CUST110568,56.11504347378781
CUST110569,31.674663304493084
CUST110570,46.76422473906522
CUST110571,79.22168042703379
CUST110572,91.79009842864258
CUST110573,67.02379968776323
CUST110574,94.05963494982838
CUST110575,83.20512598272258
CUST110576,56.58416470332768
CUST110577,55.96764577911757
CUST110578,63.241406188557754
CUST110579,25.94327834351826
CUST110580,93.34048925815632
CUST110581,91.90273459440907
CUST110582,91.16509944800907
CUST110583,90.92332289408859
CUST110584,30.131282639467454
CUST110585,68.68289969578343
CUST110586,91.3917702217018
CUST110587,78.63964193589437
CUST110588,41.53895253341755
CUST110589,90.3955827727059
CUST110590,51.06473673666964
CUST110591,87.89628240864819
CUST110592,78.66529408846058
CUST110593,61.05228763133809
CUST110594,82.0460682165753
CUST110595,62.035560369242745
CUST110596,76.70995967665816
CUST110597,64.93215247329432
CUST110598,69.25555499620805
CUST110599,45.52105455347936
CUST110600,66.24817841036881
CUST110601,83.53821622421813
CUST110602,90.79758575159246
CUST110603,68.73468091223499
CUST110604,56.20230819770194
CUST110605,84.19659783615045
CUST110606,64.62024925135196
CUST110607,1.548997010122643
CUST110608,89.95049213718738
CUST110609,38.57737333298428
CUST110610,48.31084025479026
CUST110611,86.13596086161148
CUST110612,79.6700091989231
CUST110613,62.258843240179516
CUST110614,74.54828151232884
CUST110615,41.19025879487321
CUST110616,74.06181947156547
CUST110617,16.867672400735298
CUST110618,77.74144977144765
CUST110619,68.41199494413253
CUST110620,77.48666576065193
CUST110621,86.8535171031325
CUST110622,64.56807077284415
CUST110623,86.33914508787132
CUST110624,72.91229702589318
CUST110625,60.54670193288922
CUST110626,92.87138630647989
CUST110627,79.96951770101238
CUST110628,77.18803485425916
CUST110629,86.14590484538444
CUST110630,96.23425551468561
CUST110631,85.42074197014882
CUST110632,87.7125014014001
CUST110633,70.74126265283427
CUST110634,85.33228301904894
CUST110635,93.74765364889487
CUST110636,75.62196649875754
CUST110637,47.77884274961525
CUST110638,71.90041393128149
CUST110639,74.11290166385213
CUST110640,55.80460798274789
CUST110641,94.56168588800494
CUST110642,55.944447295511814
CUST110643,34.17774549266566
CUST110644,51.236701128598874
CUST110645,98.84893187663822
CUST110646,54.813987761873996
CUST110647,47.50012311401076
CUST110648,96.51410649806691
CUST110649,91.41427719581712
CUST110650,64.15359383925384
CUST110651,86.17903740715273
CUST110652,73.86010578992015
CUST110653,88.9907516681953
CUST110654,48.79476263198083
CUST110655,57.548696822817114
CUST110656,15.490585784549708
CUST110657,12.438882263183231
CUST110658,41.81878306278066
CUST110659,51.52152096956811
CUST110660,64.1483101413446
CUST110661,95.03710163203993
CUST110662,94.1158606049508
CUST110663,96.72901523303715
CUST110664,54.873638981804596
CUST110665,97.93364265192417
CUST110666,40.51191684282444
CUST110667,28.348844631174668
CUST110668,36.97270918115467
CUST110669,85.30936300661342
CUST110670,59.883082919562526
CUST110671,66.92300991565962
CUST110672,77.42915110062127
CUST110673,67.64778969778975
CUST110674,42.42827225683785
CUST110675,49.36661556539966
CUST110676,66.0629076028804
CUST110677,37.19290204605368
CUST110678,34.78676105855068
CUST110679,99.1061976322623
CUST110680,96.91838443469116
CUST110681,59.85212924549484
CUST110682,92.15401606674493
CUST110683,75.81354677174511
CUST110684,36.62620689266014
CUST110685,60.70715391271383
CUST110686,90.53225418267914
CUST110687,49.79175728939655
CUST110688,92.27596199849047
CUST110689,76.51670527828652
CUST110690,32.05245531564107
CUST110691,68.9888901102902
CUST110692,43.78861584395789
CUST110693,89.42031075792973
CUST110694,15.477327101677949
CUST110695,43.540656220582434
CUST110696,29.31002722838446
CUST110697,45.52589942771042
CUST110698,94.9571771242704
CUST110699,83.92882409533499
CUST110700,90.44991230469616
CUST110701,99.87435813487883
CUST110702,89.6142456246035
CUST110703,79.44080206410025
CUST110704,85.98275575207258
CUST110705,87.58870804987957
CUST110706,94.83751424508097
CUST110707,74.99926534846189
CUST110708,91.1614997682248
CUST110709,42.10016327308134
CUST110710,97.79338666250568
CUST110711,79.78714148478308
CUST110712,84.18204074054248
CUST110713,77.40532508803051
CUST110714,80.04691556268556
CUST110715,48.61049823421164
CUST110716,93.21138301917865
CUST110717,70.61415747482901
CUST110718,79.29395609066826
CUST110719,93.86481251941852
CUST110720,8.760554415760783
CUST110721,68.75616809709969
CUST110722,67.1048583119128
CUST110723,58.46594984810941
CUST110724,77.0915403037044
CUST110725,92.20570116738607
CUST110726,81.34415385061779
CUST110727,10.926989990698866
CUST110728,60.57739893641269
CUST110729,100.0
CUST110730,94.76452773551819
CUST110731,75.89222397321858
CUST110732,47.911164924812375
CUST110733,95.89999488482863
CUST110734,82.65439003632407
CUST110735,29.52957766575499
CUST110736,85.46753669093404
CUST110737,94.92569779172663
CUST110738,81.30701934302213
CUST110739,63.20004928400275
CUST110740,95.9235659777451
CUST110741,32.02070511423333
CUST110742,94.58947748666274
CUST110743,93.13415101010077
CUST110744,67.1814713356652
CUST110745,23.018252312072804
CUST110746,86.2839857938546
CUST110747,53.40936720492269
CUST110748,90.58491372365397
CUST110749,91.14576175760025
CUST110750,85.12489350850099
CUST110751,89.81324200854942
CUST110752,77.9035512630039
CUST110753,79.07334871614817
CUST110754,88.56185665887529
CUST110755,88.6436605501007
CUST110756,78.9146583092588
CUST110757,16.828870495593595
CUST110758,93.35477337323744
CUST110759,47.4410874856282
CUST110760,76.44455923666457
CUST110761,80.97793675239167
CUST110762,61.872034156264824
CUST110763,76.51041775875025
CUST110764,87.46582637993781
CUST110765,53.129446527734636
CUST110766,54.01367486780989
CUST110767,33.215398221418276
CUST110768,65.04113354473891
CUST110769,23.847092395279486
CUST110770,59.239825968998396
CUST110771,51.49355923471677
CUST110772,73.86032599517877
CUST110773,73.76181992566569
CUST110774,68.46663288724561
CUST110775,50.55935801603045
CUST110776,80.97056039214479
CUST110777,67.9225523448236
CUST110778,61.019993108213036
CUST110779,49.95070674147885
CUST110780,53.237208762722844
CUST110781,60.060469529519
CUST110782,36.69046647106982
CUST110783,53.05921774566866
CUST110784,69.02800803781214
CUST110785,31.460229119287884
CUST110786,65.41066727390721
CUST110787,70.36774605663274
CUST110788,18.26074942252407
CUST110789,86.19998146255614
CUST110790,48.34884982024774
CUST110791,49.59401757117228
CUST110792,88.11737463569894
CUST110793,63.78257966351121
CUST110794,63.50441288561688
CUST110795,60.05055479014405
CUST110796,79.80366227703797
CUST110797,75.0110516733406
CUST110798,93.69074584553437
CUST110799,23.329240636138906
CUST110800,32.359531515835506
CUST110801,99.58027736474749
CUST110802,49.9601499323208
CUST110803,85.60693424959914
CUST110804,56.944402164566185
CUST110805,56.14503773238607
CUST110806,72.17990182438204
CUST110807,99.9820403683488
CUST110808,89.19411978397238
CUST110809,81.36739395663763
CUST110810,62.22628593007693
CUST110811,92.14872140808477
CUST110812,82.86970316220406
CUST110813,59.099300618172634
CUST110814,90.83866101175317
CUST110815,87.74119301834617
CUST110816,75.30095285993477
CUST110817,97.45576159751961
CUST110818,30.76925716038691
CUST110819,93.01448622714065
CUST110820,56.406107500986195
CUST110821,78.54567537723655
CUST110822,69.3964164256577
CUST110823,61.14828146488912
CUST110824,61.13070681470944
CUST110825,54.64702467136906
CUST110826,63.589816948503035
CUST110827,59.52802261378698
CUST110828,78.34467748213062
CUST110829,57.31312806058683
CUST110830,93.61642045654811
CUST110831,26.557191898874223
CUST110832,81.03581743744073
CUST110833,96.54277530316445
CUST110834,76.1770283965454
CUST110835,96.63511165136771
CUST110836,26.87828648603451
CUST110837,71.27978892145428
CUST110838,58.19710108528696
CUST110839,82.61626062385203
CUST110840,97.74774738933864
CUST110841,67.99364124567951
CUST110842,80.13742430416373
CUST110843,90.40719638844085
CUST110844,71.27252209148581
CUST110845,85.03351260842047
CUST110846,71.98158196172331
CUST110847,94.10739204674037
CUST110848,96.58869957669212
CUST110849,45.90607125584938
CUST110850,65.32831464772907
CUST110851,91.7919589017301
CUST110852,94.08541495610551
CUST110853,67.03128854768332
CUST110854,71.47987666336473
CUST110855,68.34219092053775
CUST110856,37.431811833693466
CUST110857,23.02556549454476
CUST110858,98.4830000453051
CUST110859,32.208577531701806
CUST110860,84.40475849367915
CUST110861,79.55154052572283
CUST110862,49.11655739562695
CUST110863,47.963229825004554
CUST110864,79.94280129739923
CUST110865,71.78653594818903
CUST110866,26.566272551553926
CUST110867,64.3966718527268
CUST110868,58.40937896219006
CUST110869,79.90323058120146
CUST110870,26.14096280516935
CUST110871,72.8692394548728
CUST110872,69.99976154505362
CUST110873,90.24889972323108
CUST110874,68.0759189182554
CUST110875,27.550873690101707
CUST110876,82.4739082315471
CUST110877,72.58013916350868
CUST110878,58.15154807043359
CUST110879,34.18513176330921
CUST110880,81.25336015265715
CUST110881,42.993576725546376
CUST110882,48.593283383301355
CUST110883,100.0
CUST110884,53.40320668119838
CUST110885,49.564550934173305
CUST110886,66.1758246762151
CUST110887,69.83146421008111
CUST110888,81.02889955758299
CUST110889,79.41080127478689
CUST110890,66.65020601181642
CUST110891,71.46693531998945
CUST110892,66.26267590992639
CUST110893,34.98546305800975
CUST110894,84.84160820384585
CUST110895,77.45310199356165
CUST110896,93.27467855147124
CUST110897,65.58596644064232
CUST110898,89.71859427606837
CUST110899,97.43606846351008
CUST110900,48.197142070890344
CUST110901,81.12526237743464
CUST110902,69.4917816986543
CUST110903,86.36444515221051
CUST110904,64.11424569693618
CUST110905,23.21267197768405
CUST110906,97.69646473900588
CUST110907,87.16392651085111
CUST110908,95.02096040861073
CUST110909,42.84714892670028
CUST110910,71.73231177217387
CUST110911,76.4918877654846
CUST110912,58.433014389866834
CUST110913,75.78252657784994
CUST110914,98.79287930462583
CUST110915,71.60146211210663
CUST110916,71.30110363150305
CUST110917,86.92389638701394
CUST110918,33.16567353745439
CUST110919,57.194571705677696
CUST110920,53.890116900691915
CUST110921,84.29827154891721
CUST110922,73.0988490734606
CUST110923,83.71985435609237
CUST110924,89.56527300768352
CUST110925,20.19413199307418
CUST110926,37.36291980786174
CUST110927,92.42882017992845
CUST110928,39.61786175798093
CUST110929,63.389877188147246
CUST110930,45.484605542493945
CUST110931,61.8368921102609
CUST110932,64.34668431409675
CUST110933,93.31800633631309
CUST110934,66.42997258333985
CUST110935,63.71916463636531
CUST110936,71.06847665555874
CUST110937,12.240601930332572
CUST110938,50.388889530814616
CUST110939,69.87647703502155
CUST110940,53.340771779106554
CUST110941,92.9684567080365
CUST110942,59.20159378395507
CUST110943,25.36830640821673
CUST110944,76.54973221730059
CUST110945,42.063211173474706
CUST110946,81.51169852599143
CUST110947,93.28142065319469
CUST110948,71.11783350681999
CUST110949,53.978936324439225
CUST110950,92.14909957570744
CUST110951,15.116278951563444
CUST110952,45.221213631709595
CUST110953,94.76379748605778
CUST110954,69.85950407542482
CUST110955,65.1347094313494
CUST110956,37.93256008213362
CUST110957,93.79826550404123
CUST110958,71.17576665798835
CUST110959,61.38757124159812
CUST110960,77.6309854826777
CUST110961,54.26947558878584
CUST110962,69.8795722611555
CUST110963,57.950736417814824
CUST110964,47.19309689111886
CUST110965,50.86906786791951
CUST110966,61.968847839893535
CUST110967,49.40978142698683
CUST110968,45.29627116406607
CUST110969,51.377662426233236
CUST110970,55.361668067452406
CUST110971,52.76574989136935
CUST110972,69.41324822878912
CUST110973,47.081818625469964
CUST110974,39.28985271057777
CUST110975,38.312970225108295
CUST110976,91.04595380470569
CUST110977,42.5865053656181
CUST110978,80.68139026363293
CUST110979,55.02956559181505
CUST110980,46.030773655727444
CUST110981,60.39787797228303
CUST110982,77.1540433472298
CUST110983,79.17900809931778
CUST110984,92.21770978363139
CUST110985,48.835528988002245
CUST110986,92.10893914847033
CUST110987,34.49418032568253
CUST110988,71.19127641332447
CUST110989,41.18829753058896
CUST110990,90.54141070022037
CUST110991,90.35578566147086
CUST110992,74.82199986101331
CUST110993,42.87766385106624
CUST110994,51.86265120318751
CUST110995,71.23631983680991
CUST110996,25.78430156985854
CUST110997,52.024787908823235
CUST110998,87.3851073169177
CUST110999,96.33205585687703
CUST111000,60.88038068556583
CUST111001,42.006718157545755
CUST111002,88.72557178337854
CUST111003,43.009226542460034
CUST111004,52.3058415005172
CUST111005,92.0803478647349
CUST111006,29.62749285140625
CUST111007,79.30242220907571
CUST111008,58.55152485877087
CUST111009,19.944171094081614
CUST111010,90.7911684586161
CUST111011,63.03104769566166
CUST111012,86.26794198078868
CUST111013,79.45278570073792
CUST111014,68.03087083155712
CUST111015,98.00769753727343
CUST111016,16.97973632700895
CUST111017,83.38777252166986
CUST111018,41.818077893610074
CUST111019,87.00952218989046
CUST111020,82.98207014314914
CUST111021,75.9222519035164
CUST111022,72.31074367902188
CUST111023,49.401457151049215
CUST111024,84.03920904559664
CUST111025,82.23749647245565
CUST111026,91.71212992335377
CUST111027,48.82721096908315
CUST111028,22.08904047926251
CUST111029,7.186855244901342
CUST111030,87.75905062196846
CUST111031,73.88359518030164
CUST111032,98.49597711826397
CUST111033,48.83812721067931
CUST111034,96.76060022395706
CUST111035,47.35823773699736
CUST111036,99.24705460754221
CUST111037,91.16820762485274
CUST111038,36.536758256565435
CUST111039,77.55116734239041
CUST111040,21.71398753163126
CUST111041,69.01775946922258
CUST111042,82.29780430676945
CUST111043,70.3779002467712
CUST111044,37.17935310711631
CUST111045,33.577539891161045
CUST111046,97.31042912619439
CUST111047,69.34380621824613
CUST111048,47.81600578787597
CUST111049,34.58886907051521
CUST111050,50.57694439833856
CUST111051,84.87960092509276
CUST111052,84.53743971773127
CUST111053,92.57684138187216
CUST111054,50.27618024222164
CUST111055,95.00038177372149
CUST111056,100.0
CUST111057,33.14324230485317
CUST111058,93.3200052167097
CUST111059,93.57074116092805
CUST111060,61.80805290467169
CUST111061,99.79652777156997
CUST111062,66.86685496856349
CUST111063,67.27632000599985
CUST111064,65.70525940471317
CUST111065,90.61641684054335
CUST111066,99.01499483863488
CUST111067,91.91467332676206
CUST111068,73.40679495772152
CUST111069,41.973554317822654
CUST111070,84.00373103860473
CUST111071,83.01073839235217
CUST111072,35.40912789054472
CUST111073,21.814762427147386
CUST111074,44.543225321693455
CUST111075,92.49913204458615
CUST111076,100.0
CUST111077,82.32263441929375
CUST111078,35.57044988982372
CUST111079,57.01668775923739
CUST111080,47.76965324819546
CUST111081,75.91090688279537
CUST111082,74.72560398219832
CUST111083,60.88386486992821
CUST111084,39.59883429149601
CUST111085,38.685905288520736
CUST111086,54.98697809365549
CUST111087,91.37188653929957
CUST111088,24.457301820708363
CUST111089,58.80958520323051
CUST111090,51.69984267746681
CUST111091,74.71310311329547
CUST111092,71.76308067914327
CUST111093,47.62864111979218
CUST111094,64.00995569850498
CUST111095,86.15895825911484
CUST111096,64.8983030420509
CUST111097,100.0
CUST111098,67.26635480674317
CUST111099,71.65014741308019
CUST111100,98.5883313488237
CUST111101,82.23218318919939
CUST111102,94.98927384451149
CUST111103,89.63265833072263
CUST111104,76.08018199921081
CUST111105,80.99703276939059
CUST111106,97.40667433376088
CUST111107,86.80739758459656
CUST111108,89.11335478607963
CUST111109,89.34288920383312
CUST111110,54.02461623299149
CUST111111,42.68767495625057
CUST111112,69.82383088996586
CUST111113,21.828948956171587
CUST111114,78.55502422900467
CUST111115,85.81358133275842
CUST111116,85.81254886261513
CUST111117,86.41036741782735
CUST111118,46.88744284333001
CUST111119,95.50011331338783
CUST111120,97.78535463698582
CUST111121,71.36891867517117
CUST111122,74.04588076732357
CUST111123,87.64954374894056
CUST111124,60.78675694483169
CUST111125,64.81260256996678
CUST111126,74.48395364508168
CUST111127,35.71570668519659
CUST111128,65.53278952175053
CUST111129,90.83519041532738
CUST111130,88.45659844916243
CUST111131,86.20113577429322
CUST111132,73.34879289680869
CUST111133,60.40699914583953
CUST111134,68.77240392314053
CUST111135,56.44729969295963
CUST111136,54.31929775551754
CUST111137,82.7894863663287
CUST111138,65.99091079759667
CUST111139,91.15173345484943
CUST111140,73.37710804978505
CUST111141,84.74938723379236
CUST111142,83.83748192633536
CUST111143,33.962333773035596
CUST111144,89.54897172598021
CUST111145,45.82257872853171
CUST111146,53.7222036241313
CUST111147,38.46862700624902
CUST111148,94.63788110360959
CUST111149,82.01547014892212
CUST111150,71.25289082821966
CUST111151,83.87695087347929
CUST111152,32.651618439112184
CUST111153,100.0
CUST111154,89.96536937549332
CUST111155,73.60162477535373
CUST111156,96.49308020411418
CUST111157,96.92607799898157
CUST111158,88.35387200873117
CUST111159,59.379915377069345
CUST111160,58.01719317360355
CUST111161,49.25447501879709
CUST111162,92.44717218538126
CUST111163,76.58955362361658
CUST111164,31.6100602451807
CUST111165,69.56861466309348
CUST111166,89.55721318254298
CUST111167,96.29855451231181
CUST111168,98.33224776897566
CUST111169,84.89826061826966
CUST111170,60.99731255293796
CUST111171,79.08047933112671
CUST111172,79.3851464812803
CUST111173,8.434457755254565
CUST111174,58.34256955472633
CUST111175,85.7314650377848
CUST111176,30.92205393371438
CUST111177,86.34460058214927
CUST111178,57.191888364328854
CUST111179,78.85779017308809
CUST111180,67.07900595780409
CUST111181,41.665925202258784
CUST111182,80.32241268584005
CUST111183,79.2370583407686
CUST111184,80.9725024593251
CUST111185,49.35328423136742
CUST111186,36.12697899468159
CUST111187,76.60999853083898
CUST111188,69.35001637888294
CUST111189,99.52590316136441
CUST111190,97.30964702018429
CUST111191,94.54553014124558
CUST111192,74.50629445953474
CUST111193,98.57348832179969
CUST111194,82.76817292517457
CUST111195,73.36572835110984
CUST111196,56.6414638989933
CUST111197,82.33739540609884
CUST111198,63.91487574511016
CUST111199,100.0
CUST111200,55.61384653759788
CUST111201,17.685733174543355
CUST111202,86.50154314237568
CUST111203,65.0306836520845
CUST111204,94.68632195912205
CUST111205,73.06180323652694
CUST111206,45.74654143788697
CUST111207,70.7628155183727
CUST111208,70.77383104883981
CUST111209,52.955242389865624
CUST111210,75.94727327450711
CUST111211,89.0661181352441
CUST111212,75.749041258715
CUST111213,47.55950317100624
CUST111214,64.9058205859209
CUST111215,28.36360544054861
CUST111216,63.761136920624345
CUST111217,87.12958426859876
CUST111218,45.57190609440327
CUST111219,98.04809904626654
CUST111220,94.96826413897475
CUST111221,77.10282398789629
CUST111222,80.36630396105876
CUST111223,69.15217774540638
CUST111224,91.03238554835218
CUST111225,35.622420650671735
CUST111226,68.43556924241294
CUST111227,83.56203203345184
CUST111228,84.17603437090287
CUST111229,66.64517907496014
CUST111230,98.7445120138883
CUST111231,68.6886047529169
CUST111232,99.41633106131876
CUST111233,76.38583164681012
CUST111234,49.438209153910414
CUST111235,23.498321748366635
CUST111236,96.47442937116107
CUST111237,54.830117857351695
CUST111238,40.81711742810315
CUST111239,70.20071823545062
CUST111240,36.202259044914626
CUST111241,76.58289026883963
CUST111242,35.06565122661774
CUST111243,60.87546905874384
CUST111244,85.40184112871414
CUST111245,71.43736478004399
CUST111246,55.349804423768596
CUST111247,90.15282755294139
CUST111248,57.710488498735856
CUST111249,70.38033560668683
CUST111250,76.72772153722896
CUST111251,44.98757006017454
CUST111252,68.44829872418599
CUST111253,61.153268491426466
CUST111254,77.46728471402515
CUST111255,39.98444593497697
CUST111256,48.943878231430624
CUST111257,92.01452954143171
CUST111258,70.58562105924871
CUST111259,51.60280679048615
CUST111260,98.20384148269488
CUST111261,61.26069552020357
CUST111262,47.72783645449215
CUST111263,64.62876486833484
CUST111264,45.1168351622646
CUST111265,46.95345894382982
CUST111266,68.8354769151182
CUST111267,62.56879709705222
CUST111268,97.82645506965656
CUST111269,72.36979737167663
CUST111270,64.07550839170447
CUST111271,59.389364141529036
CUST111272,59.1575273015244
CUST111273,79.39529095553426
CUST111274,78.66452617520123
CUST111275,72.06966831115072
CUST111276,88.70097338962057
CUST111277,92.73873438265571
CUST111278,53.79429040060543
CUST111279,94.6456541184274
CUST111280,82.28356049670234
CUST111281,72.86925693884949
CUST111282,19.231919105460506
CUST111283,74.85645771231857
CUST111284,75.0166500909017
CUST111285,88.49459114933876
CUST111286,69.80163235829814
CUST111287,59.014772757847176
CUST111288,61.43135961630438
CUST111289,67.78807988333325
CUST111290,60.78514753285532
CUST111291,91.19620408973759
CUST111292,88.22560298968433
CUST111293,38.423088617334436
CUST111294,45.41020888899922
CUST111295,82.40772324176059
CUST111296,92.10497732522514
CUST111297,27.335230386172032
CUST111298,69.91380905282718
CUST111299,58.97264798655672
CUST111300,73.40363572316657
CUST111301,67.06196032957666
CUST111302,72.3383384215873
CUST111303,77.06554975602761
CUST111304,77.77378336196134
CUST111305,78.14602946400967
CUST111306,58.28471675563488
CUST111307,57.10896504734145
CUST111308,94.97894195314633
CUST111309,87.81779234820608
CUST111310,83.3711754837413
CUST111311,77.46318925607626
CUST111312,65.69052461722146
CUST111313,80.07700621381433
CUST111314,87.51623594917044
CUST111315,43.02735202269461
CUST111316,100.0
CUST111317,61.851775878265535
CUST111318,87.91658215531145
CUST111319,53.20056343457219
CUST111320,94.37625755037938
CUST111321,75.49308406406817
CUST111322,96.52704298145522
CUST111323,12.520840622828759
CUST111324,93.29522187796408
CUST111325,66.55327357663606
CUST111326,51.79860183885369
CUST111327,54.7615164373269
CUST111328,93.56280190831974
CUST111329,73.01223278722286
CUST111330,100.0
CUST111331,67.92722794283434
CUST111332,35.48199160810054
CUST111333,47.569727954744906
CUST111334,38.03975461629699
CUST111335,69.53953585936372
CUST111336,78.55600622646865
CUST111337,50.87185846055615
CUST111338,97.27638721815715
CUST111339,82.61140774069368
CUST111340,49.731702335051104
CUST111341,34.5499450306096
CUST111342,99.85253674447291
CUST111343,87.74320331987694
CUST111344,56.5189086553011
CUST111345,81.40897411150134
CUST111346,95.62091626658237
CUST111347,92.58784382373751
CUST111348,96.01377130616653
CUST111349,73.06447260139343
CUST111350,92.29129027029991
CUST111351,83.09759112161727
CUST111352,89.64997781287292
CUST111353,48.38402961644251
CUST111354,67.2075952399335
CUST111355,46.446451529408854
CUST111356,93.19518330086834
CUST111357,54.73211120228428
CUST111358,38.16960652122078
CUST111359,40.112557887963554
CUST111360,68.38959344021401
CUST111361,76.82653475266277
CUST111362,22.89263568656607
CUST111363,54.321046152675706
CUST111364,65.48163145592606
CUST111365,74.02333135506167
CUST111366,92.7869184839649
CUST111367,100.0
CUST111368,17.370176104789458
CUST111369,39.822641613855275
CUST111370,99.82545594855934
CUST111371,90.11111253598081
CUST111372,66.69158855913211
CUST111373,74.87423016252822
CUST111374,72.21009617868681
CUST111375,86.75743539411683
CUST111376,98.4507139479489
CUST111377,81.25117883130399
CUST111378,42.510927003127996
CUST111379,66.11707371679145
CUST111380,94.09464440711348
CUST111381,40.328664401365096
CUST111382,52.189727855703005
CUST111383,66.24611640453134
CUST111384,61.27365930843924
CUST111385,74.20870014729043
CUST111386,84.04126862862837
CUST111387,70.68689571830272
CUST111388,91.50536036675032
CUST111389,69.23244206208571
CUST111390,62.972668884054194
CUST111391,92.67979113509796
CUST111392,88.45305254273
CUST111393,73.2557408163536
CUST111394,57.15568468051004
CUST111395,90.9269115468969
CUST111396,41.04829389055284
CUST111397,89.38721852060945
CUST111398,87.85918447313968
CUST111399,44.70403057687201
CUST111400,90.56864743880874
CUST111401,48.05493740643834
CUST111402,54.669332366040074
CUST111403,61.275185463047
CUST111404,72.00379828591821
CUST111405,82.82057095625093
CUST111406,94.26128064361869
CUST111407,58.895625991715896
CUST111408,93.27807071206905
CUST111409,69.45071504320241
CUST111410,96.6765535981857
CUST111411,63.89742821910272
CUST111412,90.63114676906703
CUST111413,28.43553345833398
CUST111414,93.04819269923553
CUST111415,81.4684942302284
CUST111416,62.76485448030283
CUST111417,88.77996857816815
CUST111418,91.86616657401316
CUST111419,73.17910346487245
CUST111420,74.73812617955186
CUST111421,99.86704472364023
CUST111422,93.39799415578507
CUST111423,63.02548266178132
CUST111424,61.29037888783218
CUST111425,37.89126782864423
CUST111426,94.31723611002347
CUST111427,29.785676825918046
CUST111428,83.58837905327921
CUST111429,60.546233037807355
CUST111430,68.26029495195091
CUST111431,90.79737655916132
CUST111432,65.00819054327502
CUST111433,78.0362878061103
CUST111434,82.43230532406064
CUST111435,72.31027893249676
CUST111436,51.37595380283656
CUST111437,71.23162167669336
CUST111438,69.24032687018159
CUST111439,78.45761592071663
CUST111440,78.16766449653652
CUST111441,58.175445816498325
CUST111442,70.66511681625376
CUST111443,50.05403637446173
CUST111444,66.84889160725587
CUST111445,93.05822948696336
CUST111446,82.72006969692082
CUST111447,66.24088655435655
CUST111448,43.98623160660778
CUST111449,21.972497708443758
CUST111450,96.06407202662338
CUST111451,64.64975707751744
CUST111452,31.0419910572634
CUST111453,16.268066581640834
CUST111454,76.05033559397327
CUST111455,54.07720395274623
CUST111456,96.29614273432458
CUST111457,73.31876971989315
CUST111458,59.660787762019275
CUST111459,83.07731411248238
CUST111460,93.89821466001995
CUST111461,95.83626879250107
CUST111462,80.07864956684533
CUST111463,96.13305430760943
CUST111464,89.823432158015
CUST111465,54.8470565689444
CUST111466,76.99351475609363
CUST111467,84.42582636380578
CUST111468,94.80478289827094
CUST111469,85.58368035889289
CUST111470,50.91292545049463
CUST111471,81.47861428831109
CUST111472,59.73655312345173
CUST111473,74.40110622975529
CUST111474,63.489610887332276
CUST111475,91.36974621242894
CUST111476,82.74641737601338
CUST111477,35.97083969334921
CUST111478,75.85420236063337
CUST111479,79.56019091637097
CUST111480,68.20488778013845
CUST111481,48.156472713614455
CUST111482,96.62722043097533
CUST111483,19.154362399431207
CUST111484,88.56151524235838
CUST111485,39.00886812387874
CUST111486,90.25702408957962
CUST111487,36.41356003629496
CUST111488,74.40398045214698
CUST111489,84.27341346282122
CUST111490,87.90478806189465
CUST111491,67.81776748144642
CUST111492,72.93985162679094
CUST111493,38.93967735124596
CUST111494,81.99691178871694
CUST111495,91.82653040764052
CUST111496,85.26589761683499
CUST111497,30.090708334546623
CUST111498,60.48033862843124
CUST111499,92.0420251619418
CUST111500,44.59108023863924
CUST111501,82.67515179117792
CUST111502,19.604734157531944
CUST111503,79.71339050709123
CUST111504,79.57993303010075
CUST111505,72.56854565178075
CUST111506,65.65210592782302
CUST111507,83.26369044991957
CUST111508,85.5755383330699
CUST111509,41.63870488625284
CUST111510,36.6939457967655
CUST111511,94.51739405429544
CUST111512,82.94841439716636
CUST111513,70.18350237757353
CUST111514,80.40502366565325
CUST111515,80.20745947369305
CUST111516,56.61131073943057
CUST111517,87.46473484476098
CUST111518,83.60426889680791
CUST111519,46.80774708028239
CUST111520,75.86414061066321
CUST111521,68.55864885838501
CUST111522,52.57018543641567
CUST111523,79.95938706487551
CUST111524,72.8007601041983
CUST111525,84.9421672024947
CUST111526,17.578681244726052
CUST111527,68.43391119723465
CUST111528,56.03199181102238
CUST111529,97.05416993160027
CUST111530,97.28277950103654
CUST111531,92.03657634757114
CUST111532,83.7242625102118
CUST111533,89.16384690953025
CUST111534,95.52582894381105
CUST111535,87.41989193875338
CUST111536,97.44780354792049
CUST111537,89.16171473202535
CUST111538,70.7115468389276
CUST111539,72.45135197669077
CUST111540,70.02885102896785
CUST111541,97.86325365121922
CUST111542,90.4322597965733
CUST111543,92.47640663765578
CUST111544,95.01772043497442
CUST111545,72.03376655067164
CUST111546,48.625780372186085
CUST111547,49.292894765672635
CUST111548,19.346608407603465
CUST111549,12.133346898867481
CUST111550,74.19226440285202
CUST111551,88.02001903111073
CUST111552,59.63894494021587
CUST111553,44.40690665484633
CUST111554,91.43896064160607
CUST111555,69.03278236378355
CUST111556,77.67089797801056
CUST111557,82.00012812497962
CUST111558,91.1182589239968
CUST111559,71.15688733614458
CUST111560,60.167406358400775
CUST111561,88.28033106517863
CUST111562,51.191006975932375
CUST111563,51.22634239705646
CUST111564,52.009960110472484
CUST111565,90.363735276871
CUST111566,90.7922483016102
CUST111567,11.77338823954247
CUST111568,40.81674533932627
CUST111569,42.12473673512212
CUST111570,97.43067291997379
CUST111571,67.66339602333066
CUST111572,63.28881785187675
CUST111573,66.937534931748
CUST111574,26.49294581379064
CUST111575,68.47457090167316
CUST111576,70.9597056181083
CUST111577,41.632889948908854
CUST111578,92.21822507671664
CUST111579,90.53283048358783
CUST111580,82.68927352129063
CUST111581,72.07113290880801
CUST111582,25.68961887625201
CUST111583,82.1775848632487
CUST111584,57.03184810528406
CUST111585,90.91943807688672
CUST111586,18.59403918383776
CUST111587,30.0101790786285
CUST111588,81.74230367800192
CUST111589,87.32428554777402
CUST111590,64.00215976979825
CUST111591,92.8342774525538
CUST111592,71.90450356700451
CUST111593,88.89900350636232
CUST111594,81.9596035173365
CUST111595,80.27514945738596
CUST111596,84.09673506752327
CUST111597,14.221046405983104
CUST111598,85.70330742436714
CUST111599,94.17632339281776
CUST111600,97.1595994219561
CUST111601,32.565165581744964
CUST111602,18.83808735480181
CUST111603,89.77570966875282
CUST111604,73.68892817050116
CUST111605,47.29362182010854
CUST111606,97.49493165633807
CUST111607,91.27746291350961
CUST111608,57.65421656994112
CUST111609,67.95445889847122
CUST111610,15.623095840923668
CUST111611,92.03320505473926
CUST111612,61.256048489684616
CUST111613,72.08781083205538
CUST111614,63.18749234891286
CUST111615,38.15527655109698
CUST111616,95.18920307204856
CUST111617,37.35372042484918
CUST111618,72.88340189542798
CUST111619,92.94840600349725
CUST111620,89.25707073682933
CUST111621,5.099578747222556
CUST111622,86.19913146380328
CUST111623,58.77510427208284
CUST111624,64.53089791585934
CUST111625,76.37302628980065
CUST111626,84.81184412930575
CUST111627,78.68992400401615
CUST111628,88.5615800138231
CUST111629,72.37613988118038
CUST111630,67.5843893455306
CUST111631,55.61277366981108
CUST111632,75.81601433415929
CUST111633,96.48012764539196
CUST111634,37.23558095221809
CUST111635,97.96928652989692
CUST111636,96.70464203225606
CUST111637,82.91367350499313
CUST111638,89.57272362073628
CUST111639,94.26649736457756
CUST111640,57.65489915611105
CUST111641,70.67188519229796
CUST111642,62.07517484878562
CUST111643,68.37458396848639
CUST111644,9.586765543369022
CUST111645,71.3166017928334
CUST111646,69.95057133300965
CUST111647,89.69933687435976
CUST111648,16.880749506646993
CUST111649,82.99567423873485
CUST111650,37.0068072221311
CUST111651,61.342228666052655
CUST111652,99.49722079905781
CUST111653,46.6730843696507
CUST111654,98.12833879235983
CUST111655,55.08178173903578
CUST111656,90.00804808483262
CUST111657,21.971026136629433
CUST111658,48.87260815592665
CUST111659,76.0902909874851
CUST111660,66.37332212101605
CUST111661,52.7490304885801
CUST111662,84.40960023561674
CUST111663,98.77691302337568
CUST111664,91.2471845386953
CUST111665,77.87023515301355
CUST111666,33.15700948404264
CUST111667,67.76927032811767
CUST111668,68.09728573244195
CUST111669,87.8854161248396
CUST111670,55.140588504457725
CUST111671,58.555284953153034
CUST111672,59.55382264610643
CUST111673,86.96510422779859
CUST111674,98.37286575379039
CUST111675,94.4716968601004
CUST111676,21.367038546385032
CUST111677,76.8214448249285
CUST111678,65.38873677123469
CUST111679,89.83348871488865
CUST111680,98.01684426062964
CUST111681,70.8421186888829
CUST111682,77.37385135471702
CUST111683,43.81959191449363
CUST111684,59.142453669638975
CUST111685,41.86470040963183
CUST111686,71.88161732260842
CUST111687,48.176320525156285
CUST111688,57.44172740195514
CUST111689,24.995339850962676
CUST111690,61.556747993897
CUST111691,64.92296571456659
CUST111692,55.87174211972174
CUST111693,72.72585047529508
CUST111694,86.5377005797809
CUST111695,91.77666145905765
CUST111696,92.13165952647527
CUST111697,29.304773092966837
CUST111698,38.01994645403204
CUST111699,72.4076434784918
CUST111700,86.27694298739875
CUST111701,90.54459850945398
CUST111702,68.70730994870364
CUST111703,85.58074848493003
CUST111704,99.85180451544481
CUST111705,79.79338005191238
CUST111706,71.01652820835017
CUST111707,50.73311786344761
CUST111708,73.66319845478273
CUST111709,93.76643899846505
CUST111710,24.723694248766765
CUST111711,76.17561601501178
CUST111712,52.23386820180351
CUST111713,85.03573189058297
CUST111714,60.13540344084516
CUST111715,91.80182551468374
CUST111716,55.30607913740565
CUST111717,82.89517872083277
CUST111718,77.95060733864652
CUST111719,93.74119985758644
CUST111720,90.32944466284623
CUST111721,64.79149095179481
CUST111722,21.254454724964337
CUST111723,92.51055813497811
CUST111724,66.02720172114367
CUST111725,35.28939598440604
CUST111726,15.850671757282795
CUST111727,93.86117587357738
CUST111728,36.280494621012195
CUST111729,75.10481414827527
CUST111730,84.28907776781614
CUST111731,99.81887568964608
CUST111732,78.63097769506884
CUST111733,92.80078844489545
CUST111734,88.87877229049798
CUST111735,81.82106252990017
CUST111736,96.3161160281514
CUST111737,83.34828497204512
CUST111738,90.19523217858905
CUST111739,89.68673249713335
CUST111740,48.67013291151636
CUST111741,81.00438665158872
CUST111742,94.63373655719288
CUST111743,43.178029062431676
CUST111744,95.82425878159357
CUST111745,94.21194499316812
CUST111746,47.18075868312227
CUST111747,76.81870814569105
CUST111748,69.71305117312862
CUST111749,53.410166607389236
CUST111750,68.41680033859342
CUST111751,93.35323130088427
CUST111752,46.89274336731379
CUST111753,72.33879874901115
CUST111754,91.66656576901615
CUST111755,18.106226707652812
CUST111756,20.87102999753048
CUST111757,86.91693243330246
CUST111758,97.85722570351216
CUST111759,84.06103683689525
CUST111760,93.10473457529311
CUST111761,88.3913847991506
CUST111762,87.55101011124152
CUST111763,12.202121880528805
CUST111764,86.18481839118549
CUST111765,29.758305424236365
CUST111766,93.70843700780927
CUST111767,63.243297992443125
CUST111768,74.58026651851212
CUST111769,47.26726160923378
CUST111770,82.93603914046172
CUST111771,90.02967554115988
CUST111772,46.034696668564685
CUST111773,84.28956715545566
CUST111774,93.24031652936742
CUST111775,50.470083031731654
CUST111776,79.97832447363258
CUST111777,82.52212911356985
CUST111778,36.06337828466416
CUST111779,83.7223743004508
CUST111780,41.16623468256099
CUST111781,25.434132307585546
CUST111782,94.65470840130963
CUST111783,51.77100395999991
CUST111784,39.13214056829174
CUST111785,72.3795566051844
CUST111786,98.46182241767538
CUST111787,84.67061459549193
CUST111788,55.829790144053334
CUST111789,93.40853358471308
CUST111790,78.77513679313199
CUST111791,98.53685601601904
CUST111792,84.49628529250482
CUST111793,86.51095404331232
CUST111794,36.577454699187115
CUST111795,75.55326709638615
CUST111796,37.96575969041435
CUST111797,97.07688946792378
CUST111798,83.82962494710802
CUST111799,79.36800531951813
CUST111800,84.4428559841091
CUST111801,96.95556660063443
CUST111802,100.0
CUST111803,73.95019047256801
CUST111804,84.29920034339601
CUST111805,93.70533111384039
CUST111806,39.39869939521993
CUST111807,29.905057167528327
CUST111808,86.11214700070259
CUST111809,81.09014891865446
CUST111810,87.01703107780628
CUST111811,85.26039008290823
CUST111812,95.2286085101125
CUST111813,30.88480430920659
CUST111814,78.63164351473601
CUST111815,78.69762337570782
CUST111816,93.02619133451162
CUST111817,75.1770006619131
CUST111818,89.00687102702621
CUST111819,18.707497210259433
CUST111820,63.562179744628246
CUST111821,22.523374118929542
CUST111822,41.37049338448393
CUST111823,82.33817958142527
CUST111824,73.43195955992269
CUST111825,33.95041914164793
CUST111826,37.347505536083105
CUST111827,88.08160957779258
CUST111828,33.65605118381638
CUST111829,88.15678035687473
CUST111830,16.349962119294663
CUST111831,34.899748386699315
CUST111832,64.9762724761942
CUST111833,41.746268764540766
CUST111834,63.80342362077638
CUST111835,46.79578233734065
CUST111836,46.44382146762896
CUST111837,76.67386257982544
CUST111838,63.79830325130731
CUST111839,73.51308023605978
CUST111840,70.14713620266089
CUST111841,93.21939598479612
CUST111842,92.92274897424075
CUST111843,84.13340197692592
CUST111844,80.21784489002
CUST111845,50.51933248474401
CUST111846,61.069465427535306
CUST111847,73.33284190236353
CUST111848,68.23475853681359
CUST111849,51.856564132400166
CUST111850,76.8651409666562
CUST111851,79.75303655775039
CUST111852,90.70321269252683
CUST111853,44.94509816115981
CUST111854,76.98006425389563
CUST111855,75.42410607100025
CUST111856,68.46645351605878
CUST111857,91.14694879274424
CUST111858,81.78242896262209
CUST111859,25.88439254377019
CUST111860,58.656754644415734
CUST111861,87.63411795467005
CUST111862,93.07720129467391
CUST111863,70.46865855339509
CUST111864,47.21676677862666
CUST111865,59.04412129171146
CUST111866,94.7138459219683
CUST111867,89.83228158418012
CUST111868,84.04407517070469
CUST111869,77.20505736768094
CUST111870,79.06095157635704
CUST111871,97.46152527067223
CUST111872,87.82052967642842
CUST111873,53.35170599249552
CUST111874,84.02912334527589
CUST111875,60.31641693815672
CUST111876,72.93000464824856
CUST111877,84.32597083910132
CUST111878,28.644829148107704
CUST111879,86.66025033432713
CUST111880,69.74012427073517
CUST111881,100.0
CUST111882,95.73064130528432
CUST111883,88.16795703228154
CUST111884,94.61496450990927
CUST111885,74.98794999954531
CUST111886,55.27564769134233
CUST111887,94.36899977886611
CUST111888,67.79352957924229
CUST111889,35.24922978696366
CUST111890,94.8132734521097
CUST111891,65.81400925952526
CUST111892,77.3948806968566
CUST111893,79.72291251255585
CUST111894,51.160409834179745
CUST111895,71.66317744807354
CUST111896,48.91700299020051
CUST111897,40.61705787280691
CUST111898,82.67369683325147
CUST111899,57.390783710311325
CUST111900,97.41161678868383
CUST111901,90.63711163533645
CUST111902,80.90334042280837
CUST111903,96.70848754591405
CUST111904,74.12535386174414
CUST111905,53.38076028182268
CUST111906,93.58076667526582
CUST111907,93.8792015636106
CUST111908,77.0565397264345
CUST111909,76.16438362068693
CUST111910,26.559344246101116
CUST111911,59.23550121312166
CUST111912,53.93609978295888
CUST111913,87.29012435221898
CUST111914,77.24405617290911
CUST111915,94.69295539341427
CUST111916,45.802441216337364
CUST111917,57.55905806768303
CUST111918,90.52896982963682
CUST111919,67.52024787459054
CUST111920,93.64111541959483
CUST111921,85.11442582542458
CUST111922,37.05814545754815
CUST111923,65.66267336587431
CUST111924,34.557686431118256
CUST111925,76.62138180787623
CUST111926,70.58974592950793
CUST111927,73.71556575789752
CUST111928,92.49662929697793
CUST111929,54.393029464338646
CUST111930,81.54595071451693
CUST111931,55.503326157335586
CUST111932,62.5894608366664
CUST111933,23.067511991025867
CUST111934,11.20246405052184
CUST111935,54.82602206341966
CUST111936,73.64779785247748
CUST111937,68.20697989601668
CUST111938,79.93853389987186
CUST111939,80.2316845540347
CUST111940,39.77914253644058
CUST111941,94.59668196998048
CUST111942,37.81230237635388
CUST111943,86.99629768270613
CUST111944,87.19739167186104
CUST111945,57.449424395107805
CUST111946,40.74276050021464
CUST111947,85.52696410573044
CUST111948,64.56660012103806
CUST111949,63.373547879554074
CUST111950,93.10518049115854
CUST111951,36.46142389898837
CUST111952,94.89529037313241
CUST111953,91.33755809805517
CUST111954,42.81623417327277
CUST111955,83.80205013364723
CUST111956,57.65236358595782
CUST111957,94.20746978608292
CUST111958,44.99632840742265
CUST111959,60.800314731460674
CUST111960,73.76185652307235
CUST111961,79.59838143724328
CUST111962,62.60825006055592
CUST111963,57.04637022769642
CUST111964,94.05152183302856
CUST111965,59.80224814364701
CUST111966,38.937093739154854
CUST111967,88.58941359541313
CUST111968,72.10818064154496
CUST111969,77.18065733018405
CUST111970,66.68319869611273
CUST111971,65.11284740306859
CUST111972,60.69162132788774
CUST111973,99.00021347838513
CUST111974,89.51393890476709
CUST111975,20.596781820488584
CUST111976,59.445570795665695
CUST111977,32.628100104673415
CUST111978,72.13737372958336
CUST111979,90.38384322368624
CUST111980,62.48955185866384
CUST111981,49.519037584980715
CUST111982,65.24456880159121
CUST111983,27.360401139395368
CUST111984,27.43971498113198
CUST111985,68.76909126011944
CUST111986,99.9262170379679
CUST111987,37.272393121623985
CUST111988,65.54374534436982
CUST111989,71.28987244559798
CUST111990,32.89363979260318
CUST111991,93.915218443044
CUST111992,72.27511661953803
CUST111993,48.55736921411983
CUST111994,66.88965810924641
CUST111995,89.07328864255214
CUST111996,52.16059891500467
CUST111997,40.858316388172746
CUST111998,77.32600956510105
CUST111999,91.24504822233489
