name,description,auc,f1_at_05,f1_tuned,f1_tuned_std,threshold,size,minutes,seed
logreg,"Логрег (one-hot, медианы, стандартизация)",0.9913,0.9361,0.9387,0.003,0.587,0,0.1,20261010
logreg_fe,Логрег + сгенерированные признаки,0.9915,0.9371,0.9403,0.0045,0.647,0,0.1,20261010
lgbm,"LightGBM, исходные признаки",0.9925,0.9496,0.9479,0.002,0.46,721,0.3,20261010
lgbm_fe,LightGBM + сгенерированные признаки,0.9924,0.9468,0.9463,0.0007,0.472,588,0.3,20261010
catboost,"CatBoost, исходные признаки",0.9927,0.9498,0.949,0.0015,0.475,503,0.9,20261010
catboost_fe,CatBoost + сгенерированные признаки,0.9928,0.9495,0.9467,0.0006,0.49,458,0.9,20261010
catboost_d4,CatBoost depth=4,0.9929,0.9493,0.9505,0.0007,0.423,678,1.0,20261010
catboost_d8,CatBoost depth=8,0.9925,0.9475,0.9469,0.002,0.482,398,1.5,20261010
catboost_bal,CatBoost + веса классов,0.9928,0.949,0.9482,0.0006,0.587,444,1.3,20261010
gam,GAM: сплайны по признакам + логрег,0.9927,0.953,0.9523,0.0018,0.467,251,1.0,20261010
gam,GAM: сплайны по признакам + логрег,0.9927,0.953,0.9523,0.0018,0.467,251,0.5,20261010
gam_fe,GAM + сгенерированные признаки,0.9918,0.9474,0.9468,0.001,0.398,335,0.6,20261010
gam_k12,"GAM, 12 узлов сплайна",0.9906,0.9403,0.9393,0.0014,0.427,451,0.6,20261010
