name,description,cv_f1,cv_f1_std,cv_f1_tuned,params,minutes,seed,rows,cv,epochs
knn50,"Косинусный kNN, k=50",0.6081,0.0,0.611,0,0.8,20261009,26200,random,
mlp_cw05,MLP + веса sqrt(1/freq) + label smoothing,0.8692,0.0,0.8682,1182980,3.1,20261009,26200,random,20
logreg_bal,Логрег + class_weight=balanced,0.8083,0.0,0.8137,8196,2.3,20261009,26200,random,
mlp_base,MLP 512-256 без весов классов,0.8678,0.0,0.8674,1182980,3.1,20261009,26200,random,20
mlp_cw1,MLP + веса 1/freq,0.8662,0.0,0.867,1182980,3.1,20261009,26200,random,20
mlp_l2,MLP + L2-нормализация эмбеддинга,0.8691,0.0,0.8685,1182980,3.3,20261009,26200,random,20
mlp_half0,MLP только на 1-й половине эмбеддинга (1024),0.7853,0.0,0.7857,658692,2.2,20261009,26200,random,20
mlp_half1,MLP только на 2-й половине эмбеддинга (1024),0.8541,0.0,0.8561,658692,2.1,20261009,26200,random,20
mlp_small,"Маленький MLP, 1 скрытый слой 256",0.8633,0.0,0.8618,526084,2.2,20261009,26200,random,20
mlp_wide,Широкий MLP 1024-512,0.8694,0.0,0.8693,2628100,4.5,20261009,26200,random,20
mlp_mixup,MLP + mixup(0.4),0.8667,0.0,0.867,1182980,3.1,20261009,26200,random,20
mlp_drop05,MLP + dropout 0.5,0.8598,0.0,0.8598,1182980,3.3,20261009,26200,random,20
twotower,Две башни (по половине эмбеддинга) 256+256 -> 256,0.8665,0.0,0.8673,658692,2.8,20261009,26200,random,20
mlp_drop01,MLP + dropout 0.1,0.8708,0.0,0.8721,1182980,2.9,20261009,26200,random,20
mlp_drop02,MLP + dropout 0.2,0.8715,0.0,0.8709,1182980,3.1,20261009,26200,random,20
mlp_ep40,"MLP 512-256, 40 эпох",0.8723,0.0,0.8715,1182980,5.6,20261009,26200,random,40
mlp_drop02,MLP + dropout 0.2,0.8543,0.0,0.8536,1182980,34.6,20261009,26200,adv0.2,20
